Name,Cover,End Date,Genres,Pages Left,Rating,Read Chapters,Start Date,Status,Total Chapters
Awakening：The Infinite Evolution Of My Talent As A Low-Level Awakener,awakeningthe-infinite-evolution-o.jpg,,"Universal System (https://www.notion.so/Universal-System-216c9852cdba80c986c7df065e2220a6?pvs=21), Cheat (https://www.notion.so/Cheat-216c9852cdba80eeac7eeda9a6148fe0?pvs=21), Transmigration (https://www.notion.so/Transmigration-216c9852cdba80eba173c7a9fe7837c7?pvs=21), Fantasy (https://www.notion.so/Fantasy-216c9852cdba8118bdb5e9b796351300?pvs=21)",,5,230,08/11/2024,Dropped,0
Primordial Sin System,primordial-sin-system.jpg,,"System (https://www.notion.so/System-216c9852cdba80569a9acebd2af8dadf?pvs=21), Adult (https://www.notion.so/Adult-216c9852cdba80239e30e8c5e539c1da?pvs=21), Transmigration (https://www.notion.so/Transmigration-216c9852cdba80eba173c7a9fe7837c7?pvs=21), Cultivation (https://www.notion.so/Cultivation-216c9852cdba806fb359c4885235ef23?pvs=21)",,7,138,15/12/2024,Paused,0
My Sword Intent Can Be Infinitely Improved,my-sword-intent-can-be-infinitely-improved.jpg,,"System (https://www.notion.so/System-216c9852cdba80569a9acebd2af8dadf?pvs=21), Transmigration (https://www.notion.so/Transmigration-216c9852cdba80eba173c7a9fe7837c7?pvs=21), Cultivation (https://www.notion.so/Cultivation-216c9852cdba806fb359c4885235ef23?pvs=21)",,1,10,12/05/2024,Dropped,0
"Others Level Up, But I Pursue Cultivation!",29518010508931705.jpg,28/01/2026,"Reincarnation (https://www.notion.so/Reincarnation-216c9852cdba809e878fee4873faa3e1?pvs=21), System (https://www.notion.so/System-216c9852cdba80569a9acebd2af8dadf?pvs=21), Cultivation (https://www.notion.so/Cultivation-216c9852cdba806fb359c4885235ef23?pvs=21)",None,7,1523,31/12/2024,Finished,1523
Erotic Adventures In The Omniverse: Vampire Lord Got Too Many Wives,erotic-adventures-in-the-omniverse-va.jpg,,"Cultivation (https://www.notion.so/Cultivation-216c9852cdba806fb359c4885235ef23?pvs=21), Fantasy (https://www.notion.so/Fantasy-216c9852cdba8118bdb5e9b796351300?pvs=21), System (https://www.notion.so/System-216c9852cdba80569a9acebd2af8dadf?pvs=21)",,2,50,30/12/2024,Dropped,0
"Steadily becoming a saint, the immortal officials hired me to tend the horses",steadily-becoming.jpg,,System (https://www.notion.so/System-216c9852cdba80569a9acebd2af8dadf?pvs=21),,7,860,21/05/2025,Paused,
Awakening The Weakest Talent: Only I Level Up,23151082706386505.jpg,,"Universal System (https://www.notion.so/Universal-System-216c9852cdba80c986c7df065e2220a6?pvs=21), Fantasy (https://www.notion.so/Fantasy-216c9852cdba8118bdb5e9b796351300?pvs=21)",,5,0,30/07/2024,To Read,0
Fantasy Simulator,fantasy-simulator.jpg,,"System (https://www.notion.so/System-216c9852cdba80569a9acebd2af8dadf?pvs=21), Transmigration (https://www.notion.so/Transmigration-216c9852cdba80eba173c7a9fe7837c7?pvs=21), Fantasy (https://www.notion.so/Fantasy-216c9852cdba8118bdb5e9b796351300?pvs=21), Cultivation (https://www.notion.so/Cultivation-216c9852cdba806fb359c4885235ef23?pvs=21)",463,7,390,12/05/2024,Paused,853
"Top Tier Providence, Secretly Cultivate For A Thousand Years",top-tier-providence-secretly-cultivate-for-a-thousa.jpg,,"System (https://www.notion.so/System-216c9852cdba80569a9acebd2af8dadf?pvs=21), Transmigration (https://www.notion.so/Transmigration-216c9852cdba80eba173c7a9fe7837c7?pvs=21), Cultivation (https://www.notion.so/Cultivation-216c9852cdba806fb359c4885235ef23?pvs=21), Adult (https://www.notion.so/Adult-216c9852cdba80239e30e8c5e539c1da?pvs=21)",630,7,560,04/05/2024,Dropped,1190
Chrysalis,11236791006300205.jpg,,Fantasy (https://www.notion.so/Fantasy-216c9852cdba8118bdb5e9b796351300?pvs=21),,5,1,05/12/2024,Dropped,0
Cultivator With Modern Ai,21961663806702005.jpg,,System (https://www.notion.so/System-216c9852cdba80569a9acebd2af8dadf?pvs=21),,1,60,24/01/2025,Dropped,0
Carefree Path Of Dreams,carefree-path-of-dreams.jpg,,"System (https://www.notion.so/System-216c9852cdba80569a9acebd2af8dadf?pvs=21), Reincarnation (https://www.notion.so/Reincarnation-216c9852cdba809e878fee4873faa3e1?pvs=21), Cultivation (https://www.notion.so/Cultivation-216c9852cdba806fb359c4885235ef23?pvs=21)",963,3,220,21/05/2024,Dropped,1183
Villain: Transmigrated Into A NTR Manga As The Antagonist,villain-transmigrated-into-a-ntr-manga-as-the-antagonist.jpg,,"Adult (https://www.notion.so/Adult-216c9852cdba80239e30e8c5e539c1da?pvs=21), Transmigration (https://www.notion.so/Transmigration-216c9852cdba80eba173c7a9fe7837c7?pvs=21), System (https://www.notion.so/System-216c9852cdba80569a9acebd2af8dadf?pvs=21)",107,8,285,17/11/2024,Paused,392
Supreme Magus,12820870105509205.jpg,,"Reincarnation (https://www.notion.so/Reincarnation-216c9852cdba809e878fee4873faa3e1?pvs=21), Fantasy (https://www.notion.so/Fantasy-216c9852cdba8118bdb5e9b796351300?pvs=21)",,7,0,01/08/2024,To Read,0
Ascension Through Skills,m9OylinfU28I2UfPUikhwKo0IVOXcAFQQULN0Pm6.png,,Universal System (https://www.notion.so/Universal-System-216c9852cdba80c986c7df065e2220a6?pvs=21),,6,130,08/01/2025,Paused,0
Re: Evolution Online,21273709006024705.jpg,,"Transmigration (https://www.notion.so/Transmigration-216c9852cdba80eba173c7a9fe7837c7?pvs=21), Fantasy (https://www.notion.so/Fantasy-216c9852cdba8118bdb5e9b796351300?pvs=21), Universal System (https://www.notion.so/Universal-System-216c9852cdba80c986c7df065e2220a6?pvs=21)",,6,82,22/07/2024,Dropped,0
Evolving Infinitely From Ground Zero,evolving-infinitely-from-ground-zero.jpg,,System (https://www.notion.so/System-216c9852cdba80569a9acebd2af8dadf?pvs=21),,5,187,25/01/2025,Dropped,0
I Am Loaded With Passive Skills,i-am-loaded-with-passive-skills.jpg,,"System (https://www.notion.so/System-216c9852cdba80569a9acebd2af8dadf?pvs=21), Cultivation (https://www.notion.so/Cultivation-216c9852cdba806fb359c4885235ef23?pvs=21), Transmigration (https://www.notion.so/Transmigration-216c9852cdba80eba173c7a9fe7837c7?pvs=21)",,6,89,04/12/2024,Dropped,0
Cultivation Online,18549008105094005.jpg,,"Universal System (https://www.notion.so/Universal-System-216c9852cdba80c986c7df065e2220a6?pvs=21), Cultivation (https://www.notion.so/Cultivation-216c9852cdba806fb359c4885235ef23?pvs=21)",,6,435,27/04/2024,Dropped,0
My Werewolf System,21371225605061805.jpg,,Fantasy (https://www.notion.so/Fantasy-216c9852cdba8118bdb5e9b796351300?pvs=21),,4,0,30/06/2024,Dropped,0
"Longevity, starting from being a chicken raising servant",28371203308335705.jpg,,System (https://www.notion.so/System-216c9852cdba80569a9acebd2af8dadf?pvs=21),,5,90,28/05/2025,Dropped,
Shota's Isekai NTR Adventure,shotas-isekai-ntr-adventure.jpg,,"System (https://www.notion.so/System-216c9852cdba80569a9acebd2af8dadf?pvs=21), Transmigration (https://www.notion.so/Transmigration-216c9852cdba80eba173c7a9fe7837c7?pvs=21), Adult (https://www.notion.so/Adult-216c9852cdba80239e30e8c5e539c1da?pvs=21), Fantasy (https://www.notion.so/Fantasy-216c9852cdba8118bdb5e9b796351300?pvs=21)",,4,98,05/08/2024,Dropped,0
"After 10,000 Years In Hell",Player-Who-Returned-10000-Years-Later.jpg,,"Universal System (https://www.notion.so/Universal-System-216c9852cdba80c986c7df065e2220a6?pvs=21), Fantasy (https://www.notion.so/Fantasy-216c9852cdba8118bdb5e9b796351300?pvs=21), OP MC (https://www.notion.so/OP-MC-216c9852cdba80998dabef0c46e2d8ef?pvs=21)",,7,147,14/11/2024,Dropped,0
Starting With One Million Luck Points,21344870305997305.jpg,,System (https://www.notion.so/System-216c9852cdba80569a9acebd2af8dadf?pvs=21),1208,5,26,18/01/2025,Dropped,1234
Supremacy Games,17669339406351905.jpg,,Fantasy (https://www.notion.so/Fantasy-216c9852cdba8118bdb5e9b796351300?pvs=21),1759,7,202,08/01/2025,Paused,1961
Shadow Slave,22196546206090805.jpg,,"Universal System (https://www.notion.so/Universal-System-216c9852cdba80c986c7df065e2220a6?pvs=21), Fantasy (https://www.notion.so/Fantasy-216c9852cdba8118bdb5e9b796351300?pvs=21)",,7,15,27/12/2024,Dropped,0
My Hermes System,18612666306480405.jpg,,"Fantasy (https://www.notion.so/Fantasy-216c9852cdba8118bdb5e9b796351300?pvs=21), Universal System (https://www.notion.so/Universal-System-216c9852cdba80c986c7df065e2220a6?pvs=21)",440,4,6,26/12/2024,Dropped,446
Supreme Harem God System,22935295806265105.jpg,,"System (https://www.notion.so/System-216c9852cdba80569a9acebd2af8dadf?pvs=21), Transmigration (https://www.notion.so/Transmigration-216c9852cdba80eba173c7a9fe7837c7?pvs=21), Cultivation (https://www.notion.so/Cultivation-216c9852cdba806fb359c4885235ef23?pvs=21), Adult (https://www.notion.so/Adult-216c9852cdba80239e30e8c5e539c1da?pvs=21)",,10,1983,23/05/2024,Paused,0
I Am The Fated Villain,i-am-the-fated-villain.jpg,,"System (https://www.notion.so/System-216c9852cdba80569a9acebd2af8dadf?pvs=21), Transmigration (https://www.notion.so/Transmigration-216c9852cdba80eba173c7a9fe7837c7?pvs=21), Adult (https://www.notion.so/Adult-216c9852cdba80239e30e8c5e539c1da?pvs=21), Cultivation (https://www.notion.so/Cultivation-216c9852cdba806fb359c4885235ef23?pvs=21)",,7,378.1,13/05/2024,Paused,0
Global Lord: 100% Drop Rate,24233205406226805.jpg,,"Universal System (https://www.notion.so/Universal-System-216c9852cdba80c986c7df065e2220a6?pvs=21), Transmigration (https://www.notion.so/Transmigration-216c9852cdba80eba173c7a9fe7837c7?pvs=21), Fantasy (https://www.notion.so/Fantasy-216c9852cdba8118bdb5e9b796351300?pvs=21)",,5,71,03/05/2024,Dropped,0
I Can Level Up By Staying Idle,23271451105614105.jpg,,"System (https://www.notion.so/System-216c9852cdba80569a9acebd2af8dadf?pvs=21), Transmigration (https://www.notion.so/Transmigration-216c9852cdba80eba173c7a9fe7837c7?pvs=21), Cultivation (https://www.notion.so/Cultivation-216c9852cdba806fb359c4885235ef23?pvs=21)",250,6,49,02/04/2024,Dropped,299
Ascending The Heavens As An Evil God,ascending-the-heavens-as-an-evil-god.jpg,,System (https://www.notion.so/System-216c9852cdba80569a9acebd2af8dadf?pvs=21),595,5,10,06/02/2025,Dropped,605
Unparalleled After Ten Consecutive Draws,18270856006135605.jpg,,"System (https://www.notion.so/System-216c9852cdba80569a9acebd2af8dadf?pvs=21), Transmigration (https://www.notion.so/Transmigration-216c9852cdba80eba173c7a9fe7837c7?pvs=21), Cultivation (https://www.notion.so/Cultivation-216c9852cdba806fb359c4885235ef23?pvs=21)",,6,29,03/05/2024,Dropped,0
Destroying My Own Novel,23695910606616005.jpg,,"System (https://www.notion.so/System-216c9852cdba80569a9acebd2af8dadf?pvs=21), Universal System (https://www.notion.so/Universal-System-216c9852cdba80c986c7df065e2220a6?pvs=21), Transmigration (https://www.notion.so/Transmigration-216c9852cdba80eba173c7a9fe7837c7?pvs=21), Adult (https://www.notion.so/Adult-216c9852cdba80239e30e8c5e539c1da?pvs=21), Fantasy (https://www.notion.so/Fantasy-216c9852cdba8118bdb5e9b796351300?pvs=21)",465,2,98,05/01/2025,Dropped,563
Overlimit Skill Holder (WN JP),overlimit-skill-holder-web-novel-jp.jpg,,Fantasy (https://www.notion.so/Fantasy-216c9852cdba8118bdb5e9b796351300?pvs=21),,3,8,12/06/2024,Dropped,0
Absolute Depravity: Reincarnated With A Lustful System,absolute-depravity-reincarnated-with-a-lustful-system.jpg,,"Adult (https://www.notion.so/Adult-216c9852cdba80239e30e8c5e539c1da?pvs=21), Fantasy (https://www.notion.so/Fantasy-216c9852cdba8118bdb5e9b796351300?pvs=21)",328,1,7,11/11/2024,Dropped,335
Becoming The King Of A New Filthy World,becoming-the-king-of-a-new-filthy-world.jpg,,"Adult (https://www.notion.so/Adult-216c9852cdba80239e30e8c5e539c1da?pvs=21), Cheat (https://www.notion.so/Cheat-216c9852cdba80eeac7eeda9a6148fe0?pvs=21)",,4,38,21/08/2024,Paused,0
My Immortal Cultivation Game Life,my-immortal-cultivation-game-life.jpg,,System (https://www.notion.so/System-216c9852cdba80569a9acebd2af8dadf?pvs=21),,6,312,17/05/2025,Paused,0
A Necromancer Who Just Wants To Plant Trees,26833825506635805.jpg,,"System (https://www.notion.so/System-216c9852cdba80569a9acebd2af8dadf?pvs=21), Transmigration (https://www.notion.so/Transmigration-216c9852cdba80eba173c7a9fe7837c7?pvs=21), Fantasy (https://www.notion.so/Fantasy-216c9852cdba8118bdb5e9b796351300?pvs=21)",,3,20,09/06/2024,Dropped,0
Dungeon King: My Goblins Have Captured Countless Female Players,26524084105379105.jpg,,"Fantasy (https://www.notion.so/Fantasy-216c9852cdba8118bdb5e9b796351300?pvs=21), Universal System (https://www.notion.so/Universal-System-216c9852cdba80c986c7df065e2220a6?pvs=21)",683,3,6,17/01/2025,Dropped,689
Cultivating Disciples To Breakthrough,cultivating-disciples-to-breakthrough.jpg,,"System (https://www.notion.so/System-216c9852cdba80569a9acebd2af8dadf?pvs=21), Transmigration (https://www.notion.so/Transmigration-216c9852cdba80eba173c7a9fe7837c7?pvs=21), Cultivation (https://www.notion.so/Cultivation-216c9852cdba806fb359c4885235ef23?pvs=21)",,4,31,23/05/2024,Dropped,0
My Celestial Ascension,25341211905654105.jpg,,System (https://www.notion.so/System-216c9852cdba80569a9acebd2af8dadf?pvs=21),,3,17,18/01/2025,Dropped,0
God Of Time System: Harem In The Zombie Apocalypse,24857387506279805.jpg,,Fantasy (https://www.notion.so/Fantasy-216c9852cdba8118bdb5e9b796351300?pvs=21),,1,31,22/12/2024,Dropped,
Reborn As An Evolving Space Monster,reborn-as-an-evolving-space-monster-h.jpg,,"System (https://www.notion.so/System-216c9852cdba80569a9acebd2af8dadf?pvs=21), Adult (https://www.notion.so/Adult-216c9852cdba80239e30e8c5e539c1da?pvs=21), Fantasy (https://www.notion.so/Fantasy-216c9852cdba8118bdb5e9b796351300?pvs=21), Transmigration (https://www.notion.so/Transmigration-216c9852cdba80eba173c7a9fe7837c7?pvs=21)",,7,168,17/10/2024,Paused,0
Hide In The Banished Palace And Level Up To A Big Boss,hide-in-the-banished-palace-and-level-up-to-a-big-boss.jpg,,Cultivation (https://www.notion.so/Cultivation-216c9852cdba806fb359c4885235ef23?pvs=21),,2,14,13/05/2024,Dropped,0
Apocalypse - Evil Shelter System,apocalypse-evil-shelter-system.jpg,,"Adult (https://www.notion.so/Adult-216c9852cdba80239e30e8c5e539c1da?pvs=21), System (https://www.notion.so/System-216c9852cdba80569a9acebd2af8dadf?pvs=21), Fantasy (https://www.notion.so/Fantasy-216c9852cdba8118bdb5e9b796351300?pvs=21)",,2,20,04/01/2025,Dropped,0
Cultivation: When You Take Things To The Extreme,cultivation-when-you-take-things-to-the-extreme.jpg,,System (https://www.notion.so/System-216c9852cdba80569a9acebd2af8dadf?pvs=21),,5,55,06/02/2025,Dropped,0
Reincarnated As An Energy With A System,reincarnated-as-an-energy-with-a-system-novel.jpg,,"System (https://www.notion.so/System-216c9852cdba80569a9acebd2af8dadf?pvs=21), Fantasy (https://www.notion.so/Fantasy-216c9852cdba8118bdb5e9b796351300?pvs=21), Cultivation (https://www.notion.so/Cultivation-216c9852cdba806fb359c4885235ef23?pvs=21)",,8,1092,01/12/2024,Dropped,0
"Tribe: I Become Invincible With My 10,000x Bonus From The Start",tribe-i-become-invincible-with-my-10000x-bonu.jpg,,"Universal System (https://www.notion.so/Universal-System-216c9852cdba80c986c7df065e2220a6?pvs=21), Fantasy (https://www.notion.so/Fantasy-216c9852cdba8118bdb5e9b796351300?pvs=21), Cheat (https://www.notion.so/Cheat-216c9852cdba80eeac7eeda9a6148fe0?pvs=21)",,5,6,30/11/2024,Dropped,0
Goddess Helps Me Simulate Cultivation,goddess-helps-me-simulate-cultivation.jpg,,System (https://www.notion.so/System-216c9852cdba80569a9acebd2af8dadf?pvs=21),214,1,286,19/01/2025,Dropped,500
"I Fabricated The Techniques, But My Disciple Really Mastered Them?",28103276608593005.jpg,,"Cultivation (https://www.notion.so/Cultivation-216c9852cdba806fb359c4885235ef23?pvs=21), Cheat (https://www.notion.so/Cheat-216c9852cdba80eeac7eeda9a6148fe0?pvs=21)",,5,6,05/02/2025,Dropped,0
Infinite Potential System,22821716505384305.jpg,,"System (https://www.notion.so/System-216c9852cdba80569a9acebd2af8dadf?pvs=21), Transmigration (https://www.notion.so/Transmigration-216c9852cdba80eba173c7a9fe7837c7?pvs=21)",,4,6,25/12/2024,Dropped,0
"Though Paralyzed, Still Radiantly Charming!",though-paralyzed-still-radiantly-charming.jpg,,System (https://www.notion.so/System-216c9852cdba80569a9acebd2af8dadf?pvs=21),382,4,21,10/01/2025,Dropped,403
The Villain Wants A Sect Full Of Maidens!,28697497908148405.jpg,,"Adult (https://www.notion.so/Adult-216c9852cdba80239e30e8c5e539c1da?pvs=21), System (https://www.notion.so/System-216c9852cdba80569a9acebd2af8dadf?pvs=21), Cultivation (https://www.notion.so/Cultivation-216c9852cdba806fb359c4885235ef23?pvs=21)",171,1,68,04/01/2025,Dropped,239
Leveling Through Lust,leveling-through-lust.jpg,,"Universal System (https://www.notion.so/Universal-System-216c9852cdba80c986c7df065e2220a6?pvs=21), Transmigration (https://www.notion.so/Transmigration-216c9852cdba80eba173c7a9fe7837c7?pvs=21), Fantasy (https://www.notion.so/Fantasy-216c9852cdba8118bdb5e9b796351300?pvs=21), Adult (https://www.notion.so/Adult-216c9852cdba80239e30e8c5e539c1da?pvs=21), Cheat (https://www.notion.so/Cheat-216c9852cdba80eeac7eeda9a6148fe0?pvs=21)",232,6,96,17/11/2024,Paused,328
Global Killing: Awakening SSS-Level Talent At The Beginning,Global_Killing_Awakening_SSS_Level_Talent_At_The_Beginning8383.png,,"Universal System (https://www.notion.so/Universal-System-216c9852cdba80c986c7df065e2220a6?pvs=21), Fantasy (https://www.notion.so/Fantasy-216c9852cdba8118bdb5e9b796351300?pvs=21)",,5,85,30/04/2024,Dropped,0
A Regressor’s Tale Of Cultivation,30120306108140505.jpg,,"System (https://www.notion.so/System-216c9852cdba80569a9acebd2af8dadf?pvs=21), Transmigration (https://www.notion.so/Transmigration-216c9852cdba80eba173c7a9fe7837c7?pvs=21), Cultivation (https://www.notion.so/Cultivation-216c9852cdba806fb359c4885235ef23?pvs=21)",,7,1,21/05/2024,Paused,0
Reincarnated With Three Unique Skills,reincarnated-with-three-unique-skills.jpg,,"Transmigration (https://www.notion.so/Transmigration-216c9852cdba80eba173c7a9fe7837c7?pvs=21), Fantasy (https://www.notion.so/Fantasy-216c9852cdba8118bdb5e9b796351300?pvs=21), Universal System (https://www.notion.so/Universal-System-216c9852cdba80c986c7df065e2220a6?pvs=21)",,5,40,25/12/2024,Dropped,0
Keyboard Immortal,ki.webp,,"System (https://www.notion.so/System-216c9852cdba80569a9acebd2af8dadf?pvs=21), Transmigration (https://www.notion.so/Transmigration-216c9852cdba80eba173c7a9fe7837c7?pvs=21), Cultivation (https://www.notion.so/Cultivation-216c9852cdba806fb359c4885235ef23?pvs=21), Adult (https://www.notion.so/Adult-216c9852cdba80239e30e8c5e539c1da?pvs=21)",,7,238,12/05/2024,Paused,0
World Domination System,11413811606356705.jpg,,System (https://www.notion.so/System-216c9852cdba80569a9acebd2af8dadf?pvs=21),1146,1,23,18/01/2025,Dropped,1169
Follow The Path Of Dao From Infancy,follow-the-path-of-dao-from-infancy.jpg,,"System (https://www.notion.so/System-216c9852cdba80569a9acebd2af8dadf?pvs=21), Reincarnation (https://www.notion.so/Reincarnation-216c9852cdba809e878fee4873faa3e1?pvs=21)",,7,923,27/01/2025,Paused,
My Augmented Statuses Have Unlimited Duration,my-augmented-statuses-have-unlimited-duration.jpg,,"System (https://www.notion.so/System-216c9852cdba80569a9acebd2af8dadf?pvs=21), Transmigration (https://www.notion.so/Transmigration-216c9852cdba80eba173c7a9fe7837c7?pvs=21), Cultivation (https://www.notion.so/Cultivation-216c9852cdba806fb359c4885235ef23?pvs=21)",596,8,308,20/11/2024,Paused,904
Reincarnated With The Strongest System,19720038005035905.jpg,,"Reincarnation (https://www.notion.so/Reincarnation-216c9852cdba809e878fee4873faa3e1?pvs=21), System (https://www.notion.so/System-216c9852cdba80569a9acebd2af8dadf?pvs=21), Cheat (https://www.notion.so/Cheat-216c9852cdba80eeac7eeda9a6148fe0?pvs=21), Fantasy (https://www.notion.so/Fantasy-216c9852cdba8118bdb5e9b796351300?pvs=21)",1336,6,144,01/08/2023,Dropped,1480
Netori: Stealing The Hero's Party!,netori-stealing-the-heros-party.jpg,,Fantasy (https://www.notion.so/Fantasy-216c9852cdba8118bdb5e9b796351300?pvs=21),,6,90,30/12/2024,Paused,0
Sword God In A World Of Magic,22907578906042205.jpg,,Fantasy (https://www.notion.so/Fantasy-216c9852cdba8118bdb5e9b796351300?pvs=21),998,6,35,08/01/2025,Dropped,1033
The Evolution Of A Goblin To The Peak,16923111105764205.jpg,,"Universal System (https://www.notion.so/Universal-System-216c9852cdba80c986c7df065e2220a6?pvs=21), Transmigration (https://www.notion.so/Transmigration-216c9852cdba80eba173c7a9fe7837c7?pvs=21), Fantasy (https://www.notion.so/Fantasy-216c9852cdba8118bdb5e9b796351300?pvs=21)",,4,0,01/07/2024,Dropped,0
"Bro, I'M Not An Undead!",21736801505195205.jpg,,"Universal System (https://www.notion.so/Universal-System-216c9852cdba80c986c7df065e2220a6?pvs=21), Fantasy (https://www.notion.so/Fantasy-216c9852cdba8118bdb5e9b796351300?pvs=21)",,7,0,04/07/2024,To Read,0
The Sex Beast System,the-sex-beast-system-the-world-of-systems_31882_1601371254.jpg,,"Adult (https://www.notion.so/Adult-216c9852cdba80239e30e8c5e539c1da?pvs=21), Fantasy (https://www.notion.so/Fantasy-216c9852cdba8118bdb5e9b796351300?pvs=21)",,1,0,29/08/2024,To Read,0
Monster Paradise,8335460805000105.jpg,,"System (https://www.notion.so/System-216c9852cdba80569a9acebd2af8dadf?pvs=21), Transmigration (https://www.notion.so/Transmigration-216c9852cdba80eba173c7a9fe7837c7?pvs=21), Fantasy (https://www.notion.so/Fantasy-216c9852cdba8118bdb5e9b796351300?pvs=21)",,1,6,12/05/2024,Dropped,0
"I Regenerate 10,000 Times Faster",27434154005508605.jpg,,"Transmigration (https://www.notion.so/Transmigration-216c9852cdba80eba173c7a9fe7837c7?pvs=21), Cheat (https://www.notion.so/Cheat-216c9852cdba80eeac7eeda9a6148fe0?pvs=21)",,4,40,21/12/2024,Dropped,0
Xianxia: I Can Download Fully Levelled Abilities,19772873806343105.jpg,,"System (https://www.notion.so/System-216c9852cdba80569a9acebd2af8dadf?pvs=21), Transmigration (https://www.notion.so/Transmigration-216c9852cdba80eba173c7a9fe7837c7?pvs=21), Cultivation (https://www.notion.so/Cultivation-216c9852cdba806fb359c4885235ef23?pvs=21)",,5,6,30/11/2024,Dropped,0
"A Cheap, OP Brawler",12918794406024105.jpg,,"Adult (https://www.notion.so/Adult-216c9852cdba80239e30e8c5e539c1da?pvs=21), Transmigration (https://www.notion.so/Transmigration-216c9852cdba80eba173c7a9fe7837c7?pvs=21)",,1,0,30/08/2024,To Read,0
Extra'S Descent,29411738700749805.jpg,,Fantasy (https://www.notion.so/Fantasy-216c9852cdba8118bdb5e9b796351300?pvs=21),,5,13,18/12/2024,Dropped,0
Cultivation: Start From Simplifying Martial Arts Techniques,25215471605218705.jpg,,System (https://www.notion.so/System-216c9852cdba80569a9acebd2af8dadf?pvs=21),,2,2,18/01/2025,Dropped,0
Let Me Game In Peace,let-me-game-in-peace.jpg,,"Cheat (https://www.notion.so/Cheat-216c9852cdba80eeac7eeda9a6148fe0?pvs=21), Fantasy (https://www.notion.so/Fantasy-216c9852cdba8118bdb5e9b796351300?pvs=21)",1889,7,16,01/12/2024,Paused,1905
Global Game: AFK In The Zombie Apocalypse Game,21995505805582005.jpg,,"Universal System (https://www.notion.so/Universal-System-216c9852cdba80c986c7df065e2220a6?pvs=21), Transmigration (https://www.notion.so/Transmigration-216c9852cdba80eba173c7a9fe7837c7?pvs=21), Cheat (https://www.notion.so/Cheat-216c9852cdba80eeac7eeda9a6148fe0?pvs=21), Fantasy (https://www.notion.so/Fantasy-216c9852cdba8118bdb5e9b796351300?pvs=21)",,1,5,12/05/2024,Dropped,0
Reverend Insanity,reverend-insanity.jpg,,"Transmigration (https://www.notion.so/Transmigration-216c9852cdba80eba173c7a9fe7837c7?pvs=21), Cultivation (https://www.notion.so/Cultivation-216c9852cdba806fb359c4885235ef23?pvs=21)",2319,8,15,23/11/2024,Dropped,2334
Extracting Billions Of Toxins And Tempering An Unsullied Body,extracting-billions-of-toxins-and-tempering-an-un.jpg,,"System (https://www.notion.so/System-216c9852cdba80569a9acebd2af8dadf?pvs=21), Transmigration (https://www.notion.so/Transmigration-216c9852cdba80eba173c7a9fe7837c7?pvs=21), Cultivation (https://www.notion.so/Cultivation-216c9852cdba806fb359c4885235ef23?pvs=21)",,4,5,30/04/2024,Dropped,0
Slave Harem In The Labyrinth Of The Other World (WN JP),slaveharem.jpg,,"Universal System (https://www.notion.so/Universal-System-216c9852cdba80c986c7df065e2220a6?pvs=21), System (https://www.notion.so/System-216c9852cdba80569a9acebd2af8dadf?pvs=21), Cheat (https://www.notion.so/Cheat-216c9852cdba80eeac7eeda9a6148fe0?pvs=21), Adult (https://www.notion.so/Adult-216c9852cdba80239e30e8c5e539c1da?pvs=21), Fantasy (https://www.notion.so/Fantasy-216c9852cdba8118bdb5e9b796351300?pvs=21), Transmigration (https://www.notion.so/Transmigration-216c9852cdba80eba173c7a9fe7837c7?pvs=21)",,6,70,09/06/2024,Dropped,0
Primordial Villain With A Slave Harem,30056099600577905.jpg,,"Universal System (https://www.notion.so/Universal-System-216c9852cdba80c986c7df065e2220a6?pvs=21), Cheat (https://www.notion.so/Cheat-216c9852cdba80eeac7eeda9a6148fe0?pvs=21), Adult (https://www.notion.so/Adult-216c9852cdba80239e30e8c5e539c1da?pvs=21), Fantasy (https://www.notion.so/Fantasy-216c9852cdba8118bdb5e9b796351300?pvs=21), Transmigration (https://www.notion.so/Transmigration-216c9852cdba80eba173c7a9fe7837c7?pvs=21)",,8,901,28/12/2024,Paused,0
A Journey That Changed The World,26048832306064405.jpg,,"Universal System (https://www.notion.so/Universal-System-216c9852cdba80c986c7df065e2220a6?pvs=21), Transmigration (https://www.notion.so/Transmigration-216c9852cdba80eba173c7a9fe7837c7?pvs=21), Fantasy (https://www.notion.so/Fantasy-216c9852cdba8118bdb5e9b796351300?pvs=21)",,4,15,30/11/2024,Dropped,0
Global Survival: 100 Times Cultivation Speed From The Start,21874775806339605.jpg,,Cultivation (https://www.notion.so/Cultivation-216c9852cdba806fb359c4885235ef23?pvs=21),,1,3,18/01/2025,Dropped,0
Inside The Cave Of Obscenity,inside-the-cave-of-obscenity.jpg,,"Fantasy (https://www.notion.so/Fantasy-216c9852cdba8118bdb5e9b796351300?pvs=21), Adult (https://www.notion.so/Adult-216c9852cdba80239e30e8c5e539c1da?pvs=21)",,2,6,11/06/2024,Dropped,0
God Of Milfs: The Gods Request Me To Make A Milf Harem,28418132308942305.jpg,,"Fantasy (https://www.notion.so/Fantasy-216c9852cdba8118bdb5e9b796351300?pvs=21), Transmigration (https://www.notion.so/Transmigration-216c9852cdba80eba173c7a9fe7837c7?pvs=21), Adult (https://www.notion.so/Adult-216c9852cdba80239e30e8c5e539c1da?pvs=21)",294,7,599,06/01/2025,Paused,893
Lord Of Succubi:Transmigrated As A Dual Cultivator In Isekai Of Magic,lord-of-succubi-transmigrated-as-.jpg,,"System (https://www.notion.so/System-216c9852cdba80569a9acebd2af8dadf?pvs=21), Transmigration (https://www.notion.so/Transmigration-216c9852cdba80eba173c7a9fe7837c7?pvs=21), Adult (https://www.notion.so/Adult-216c9852cdba80239e30e8c5e539c1da?pvs=21), Fantasy (https://www.notion.so/Fantasy-216c9852cdba8118bdb5e9b796351300?pvs=21)",,6,0,31/08/2024,To Read,0
BIOLOGICAL SUPERCOMPUTER SYSTEM,24821331806153505.jpg,,Fantasy (https://www.notion.so/Fantasy-216c9852cdba8118bdb5e9b796351300?pvs=21),,4,3,19/12/2024,Dropped,0
"With My System, I Can Even Tame Gods",with-my-system-i-can-even-tame-gods.jpg,,"System (https://www.notion.so/System-216c9852cdba80569a9acebd2af8dadf?pvs=21), Adult (https://www.notion.so/Adult-216c9852cdba80239e30e8c5e539c1da?pvs=21), Transmigration (https://www.notion.so/Transmigration-216c9852cdba80eba173c7a9fe7837c7?pvs=21), Fantasy (https://www.notion.so/Fantasy-216c9852cdba8118bdb5e9b796351300?pvs=21), Cultivation (https://www.notion.so/Cultivation-216c9852cdba806fb359c4885235ef23?pvs=21)",,2,46,26/12/2024,Paused,0
Infinite Evolution System Made Me Too OP!,infinite-evolution-system-made-me-too-op.jpg,,"System (https://www.notion.so/System-216c9852cdba80569a9acebd2af8dadf?pvs=21), Cultivation (https://www.notion.so/Cultivation-216c9852cdba806fb359c4885235ef23?pvs=21)",422,5,22,09/11/2024,Dropped,444
Neurolink System In The Modern World,neurolink-system-in-the-modern-world.jpg,,System (https://www.notion.so/System-216c9852cdba80569a9acebd2af8dadf?pvs=21),528,4,28,18/12/2024,Dropped,556
My Life Can Be Infinitely Simulated,my-life-can-be-infinitely-simulated.jpg,,System (https://www.notion.so/System-216c9852cdba80569a9acebd2af8dadf?pvs=21),423,4,9,06/02/2025,Dropped,432
Reincarnated As The Strongest Ancestor With A System,23327994005895805.jpg,,System (https://www.notion.so/System-216c9852cdba80569a9acebd2af8dadf?pvs=21),365,1,16,24/01/2025,Dropped,381
Dimensional Descent,20244776805425205.jpg,,Fantasy (https://www.notion.so/Fantasy-216c9852cdba8118bdb5e9b796351300?pvs=21),,6,0,15/07/2024,To Read,0
Maximum Comprehension: Taking Care of Swords In A Sword Pavilion,22787583206415405.jpg,,Cultivation (https://www.notion.so/Cultivation-216c9852cdba806fb359c4885235ef23?pvs=21),,5,35,30/05/2025,Dropped,
Reincarnated With The Mind Control Powers In Another World,25331737205609705.jpg,,"System (https://www.notion.so/System-216c9852cdba80569a9acebd2af8dadf?pvs=21), Transmigration (https://www.notion.so/Transmigration-216c9852cdba80eba173c7a9fe7837c7?pvs=21), Adult (https://www.notion.so/Adult-216c9852cdba80239e30e8c5e539c1da?pvs=21), Fantasy (https://www.notion.so/Fantasy-216c9852cdba8118bdb5e9b796351300?pvs=21), OP MC (https://www.notion.so/OP-MC-216c9852cdba80998dabef0c46e2d8ef?pvs=21)",298,9,836,31/05/2024,Paused,1134
Wedding Night: I Am Forced To Marry A Dragon Girl,22063195805075805.jpg,,System (https://www.notion.so/System-216c9852cdba80569a9acebd2af8dadf?pvs=21),,4,41,29/05/2025,Dropped,
Picking Up Girls With My System,picking-up-girls-with-my-system.jpg,,"System (https://www.notion.so/System-216c9852cdba80569a9acebd2af8dadf?pvs=21), Transmigration (https://www.notion.so/Transmigration-216c9852cdba80eba173c7a9fe7837c7?pvs=21), Fantasy (https://www.notion.so/Fantasy-216c9852cdba8118bdb5e9b796351300?pvs=21)",,5,9,30/11/2024,Dropped,0
The World's most Overpowered Side-Character,28360762600004705.jpg,,"Fantasy (https://www.notion.so/Fantasy-216c9852cdba8118bdb5e9b796351300?pvs=21), Adult (https://www.notion.so/Adult-216c9852cdba80239e30e8c5e539c1da?pvs=21), OP MC (https://www.notion.so/OP-MC-216c9852cdba80998dabef0c46e2d8ef?pvs=21)",,2,25,07/11/2024,Paused,0
I Own EVERY Class In This World: Life Set To HELL Mode!,29544645208755905.jpg,,Fantasy (https://www.notion.so/Fantasy-216c9852cdba8118bdb5e9b796351300?pvs=21),,4,7,05/01/2025,Dropped,0
Immortality Starts With Diligence(Xianxia Litrpg),immortality-starts-with-diligencexianxia-litrpg.jpg,,"System (https://www.notion.so/System-216c9852cdba80569a9acebd2af8dadf?pvs=21), Transmigration (https://www.notion.so/Transmigration-216c9852cdba80eba173c7a9fe7837c7?pvs=21), Cultivation (https://www.notion.so/Cultivation-216c9852cdba806fb359c4885235ef23?pvs=21)",,5,94,21/05/2024,Dropped,0
Comprehension Ability: Creating and teaching the Dao in various worlds,4762s.jpg,16/03/2026,"Cheat (https://www.notion.so/Cheat-216c9852cdba80eeac7eeda9a6148fe0?pvs=21), Transmigration (https://www.notion.so/Transmigration-216c9852cdba80eba173c7a9fe7837c7?pvs=21), OP MC (https://www.notion.so/OP-MC-216c9852cdba80998dabef0c46e2d8ef?pvs=21)",None,8,1480,03/02/2025,Finished,1480
History’s Number 1 Founder,historys-number-1-founder.jpg,,"System (https://www.notion.so/System-216c9852cdba80569a9acebd2af8dadf?pvs=21), Transmigration (https://www.notion.so/Transmigration-216c9852cdba80eba173c7a9fe7837c7?pvs=21), Cultivation (https://www.notion.so/Cultivation-216c9852cdba806fb359c4885235ef23?pvs=21)",1478,6,8,30/11/2024,Dropped,1486
I Hide And Farm In The World Of Cultivation To Increase My Proficiency,i-hide-and-farm-in-the-world-of.jpg,,"System (https://www.notion.so/System-216c9852cdba80569a9acebd2af8dadf?pvs=21), Transmigration (https://www.notion.so/Transmigration-216c9852cdba80eba173c7a9fe7837c7?pvs=21), Cultivation (https://www.notion.so/Cultivation-216c9852cdba806fb359c4885235ef23?pvs=21)",383,4,4,06/11/2024,Dropped,387
The Strongest Conquest System,28832530208969005.jpg,,"System (https://www.notion.so/System-216c9852cdba80569a9acebd2af8dadf?pvs=21), Adult (https://www.notion.so/Adult-216c9852cdba80239e30e8c5e539c1da?pvs=21), Transmigration (https://www.notion.so/Transmigration-216c9852cdba80eba173c7a9fe7837c7?pvs=21), Cultivation (https://www.notion.so/Cultivation-216c9852cdba806fb359c4885235ef23?pvs=21), OP MC (https://www.notion.so/OP-MC-216c9852cdba80998dabef0c46e2d8ef?pvs=21)",181,5,352,10/11/2024,Dropped,533
It's Lonely To Be Invincible,its-lonely-to-be-invincible.jpg,,"System (https://www.notion.so/System-216c9852cdba80569a9acebd2af8dadf?pvs=21), Transmigration (https://www.notion.so/Transmigration-216c9852cdba80eba173c7a9fe7837c7?pvs=21)",836,7,327,02/02/2025,Paused,1163
The Witch Hunter System,the-witch-hunter-system.jpg,,"Fantasy (https://www.notion.so/Fantasy-216c9852cdba8118bdb5e9b796351300?pvs=21), Transmigration (https://www.notion.so/Transmigration-216c9852cdba80eba173c7a9fe7837c7?pvs=21), Adult (https://www.notion.so/Adult-216c9852cdba80239e30e8c5e539c1da?pvs=21)",,1,5,31/05/2024,Dropped,0
I Don't Want To Defy The Heavens,14470032705456605.jpg,,"System (https://www.notion.so/System-216c9852cdba80569a9acebd2af8dadf?pvs=21), Transmigration (https://www.notion.so/Transmigration-216c9852cdba80eba173c7a9fe7837c7?pvs=21), Cultivation (https://www.notion.so/Cultivation-216c9852cdba806fb359c4885235ef23?pvs=21)",633,5,27,03/12/2024,Dropped,660
My Dungeon Life: Rise Of The Slave Harem,29807789300664505.jpg,,"Universal System (https://www.notion.so/Universal-System-216c9852cdba80c986c7df065e2220a6?pvs=21), System (https://www.notion.so/System-216c9852cdba80569a9acebd2af8dadf?pvs=21), Transmigration (https://www.notion.so/Transmigration-216c9852cdba80eba173c7a9fe7837c7?pvs=21), Adult (https://www.notion.so/Adult-216c9852cdba80239e30e8c5e539c1da?pvs=21), Fantasy (https://www.notion.so/Fantasy-216c9852cdba8118bdb5e9b796351300?pvs=21)",,6,500,22/05/2024,Dropped,0
The Reincarnated Assassin Is A Genius Swordsman,The-Reincarnated-Assassin-is-a-Genius-Swordsman.png,,Fantasy (https://www.notion.so/Fantasy-216c9852cdba8118bdb5e9b796351300?pvs=21),,2,1,18/01/2025,Dropped,0
Online Game: Starting With An SSS-Level Plundering Talent,30119030500926105.jpg,,"Universal System (https://www.notion.so/Universal-System-216c9852cdba80c986c7df065e2220a6?pvs=21), Fantasy (https://www.notion.so/Fantasy-216c9852cdba8118bdb5e9b796351300?pvs=21), Transmigration (https://www.notion.so/Transmigration-216c9852cdba80eba173c7a9fe7837c7?pvs=21), Adult (https://www.notion.so/Adult-216c9852cdba80239e30e8c5e539c1da?pvs=21)",,4,81,20/11/2024,Dropped,0
6 Times a Day,6-times-a-day.jpg,,Adult (https://www.notion.so/Adult-216c9852cdba80239e30e8c5e539c1da?pvs=21),,6,54,07/06/2025,Dropped,
"Talent Awakening: I, The Weakest Awakened, Start With Dragonfire Spell",talent-awakening-i-the-weakest-.jpg,,"Universal System (https://www.notion.so/Universal-System-216c9852cdba80c986c7df065e2220a6?pvs=21), Fantasy (https://www.notion.so/Fantasy-216c9852cdba8118bdb5e9b796351300?pvs=21)",472,5,72,23/11/2024,Dropped,544
Strongest Mage With The Lust System,207787961.jpg,,"System (https://www.notion.so/System-216c9852cdba80569a9acebd2af8dadf?pvs=21), Transmigration (https://www.notion.so/Transmigration-216c9852cdba80eba173c7a9fe7837c7?pvs=21), Adult (https://www.notion.so/Adult-216c9852cdba80239e30e8c5e539c1da?pvs=21), Fantasy (https://www.notion.so/Fantasy-216c9852cdba8118bdb5e9b796351300?pvs=21)",,4,48,21/05/2024,Paused,0
Evil MC's NTR Harem,evil-mcs-ntr-harem.jpg,,System (https://www.notion.so/System-216c9852cdba80569a9acebd2af8dadf?pvs=21),,5,160,03/06/2025,Dropped,
"500th Time Reborn, A World Only Known By Women: The Karma System",23413428405378005.jpg,,"Fantasy (https://www.notion.so/Fantasy-216c9852cdba8118bdb5e9b796351300?pvs=21), Adult (https://www.notion.so/Adult-216c9852cdba80239e30e8c5e539c1da?pvs=21)",,1,17,17/12/2024,Dropped,0
The Primordial Record,the-primordial-record.jpg,,Transmigration (https://www.notion.so/Transmigration-216c9852cdba80eba173c7a9fe7837c7?pvs=21),,3,2,18/01/2025,Dropped,0
Void Evolution System,23117951906253905.jpg,,"Universal System (https://www.notion.so/Universal-System-216c9852cdba80c986c7df065e2220a6?pvs=21), Fantasy (https://www.notion.so/Fantasy-216c9852cdba8118bdb5e9b796351300?pvs=21)",,5,60,27/04/2024,Dropped,0
The Strongest Assassin Reincarnates In Another World,the-strongest-assassin-reincarnates-in-another-world.jpg,,Fantasy (https://www.notion.so/Fantasy-216c9852cdba8118bdb5e9b796351300?pvs=21),422,5,24,25/11/2024,Dropped,446
Infinite Mana In The Apocalypse,16709186806051905.jpg,,"Universal System (https://www.notion.so/Universal-System-216c9852cdba80c986c7df065e2220a6?pvs=21), Adult (https://www.notion.so/Adult-216c9852cdba80239e30e8c5e539c1da?pvs=21), Cheat (https://www.notion.so/Cheat-216c9852cdba80eeac7eeda9a6148fe0?pvs=21), Fantasy (https://www.notion.so/Fantasy-216c9852cdba8118bdb5e9b796351300?pvs=21), Cultivation (https://www.notion.so/Cultivation-216c9852cdba806fb359c4885235ef23?pvs=21)",,6,1748,23/12/2024,Paused,0
Cultivation Being Immortal,cultivation-being-immortal.jpg,,Cultivation (https://www.notion.so/Cultivation-216c9852cdba806fb359c4885235ef23?pvs=21),310,1,6,24/01/2025,Dropped,316
The Strongest System,7817013305001305.jpg,26/04/2024,"System (https://www.notion.so/System-216c9852cdba80569a9acebd2af8dadf?pvs=21), Transmigration (https://www.notion.so/Transmigration-216c9852cdba80eba173c7a9fe7837c7?pvs=21), Cultivation (https://www.notion.so/Cultivation-216c9852cdba806fb359c4885235ef23?pvs=21), Adult (https://www.notion.so/Adult-216c9852cdba80239e30e8c5e539c1da?pvs=21), OP MC (https://www.notion.so/OP-MC-216c9852cdba80998dabef0c46e2d8ef?pvs=21)",None,8,1159,04/04/2024,Finished,1159
Solo Farming In The Tower,Solo-Farming-In-The-Tower.jpg,,Universal System (https://www.notion.so/Universal-System-216c9852cdba80c986c7df065e2220a6?pvs=21),,6,178,30/11/2024,Dropped,0
One-Click Training System Instantly Millions,one-click-training-system-instantly-millions.jpg,,"System (https://www.notion.so/System-216c9852cdba80569a9acebd2af8dadf?pvs=21), Transmigration (https://www.notion.so/Transmigration-216c9852cdba80eba173c7a9fe7837c7?pvs=21), Cultivation (https://www.notion.so/Cultivation-216c9852cdba806fb359c4885235ef23?pvs=21), Fantasy (https://www.notion.so/Fantasy-216c9852cdba8118bdb5e9b796351300?pvs=21)",2971,4,9,30/11/2024,Dropped,2980
Sins Paradise: Domination System,25760339805796205.jpg,,Universal System (https://www.notion.so/Universal-System-216c9852cdba80c986c7df065e2220a6?pvs=21),,7,210,12/11/2024,Paused,0
Sin System: Demonic Harem After Reincarnation,sin-system-demonic-harem-after-reincarnation.jpg,,"System (https://www.notion.so/System-216c9852cdba80569a9acebd2af8dadf?pvs=21), Transmigration (https://www.notion.so/Transmigration-216c9852cdba80eba173c7a9fe7837c7?pvs=21), Fantasy (https://www.notion.so/Fantasy-216c9852cdba8118bdb5e9b796351300?pvs=21), Adult (https://www.notion.so/Adult-216c9852cdba80239e30e8c5e539c1da?pvs=21)",,6,0,15/08/2024,To Read,0
Level Up In Martial World,27034724306396805.jpg,,Transmigration (https://www.notion.so/Transmigration-216c9852cdba80eba173c7a9fe7837c7?pvs=21),,5,96,19/12/2024,Dropped,0
Netori: Reborn As The Human Aphrodisiac,27992405800638405.jpg,,"System (https://www.notion.so/System-216c9852cdba80569a9acebd2af8dadf?pvs=21), Adult (https://www.notion.so/Adult-216c9852cdba80239e30e8c5e539c1da?pvs=21), Cultivation (https://www.notion.so/Cultivation-216c9852cdba806fb359c4885235ef23?pvs=21), Transmigration (https://www.notion.so/Transmigration-216c9852cdba80eba173c7a9fe7837c7?pvs=21)",134,1,41,27/12/2024,Dropped,175
Primordial Soul's Rebirth,primordial-souls-rebirth.jpg,,"Universal System (https://www.notion.so/Universal-System-216c9852cdba80c986c7df065e2220a6?pvs=21), System (https://www.notion.so/System-216c9852cdba80569a9acebd2af8dadf?pvs=21), Transmigration (https://www.notion.so/Transmigration-216c9852cdba80eba173c7a9fe7837c7?pvs=21), Fantasy (https://www.notion.so/Fantasy-216c9852cdba8118bdb5e9b796351300?pvs=21), OP MC (https://www.notion.so/OP-MC-216c9852cdba80998dabef0c46e2d8ef?pvs=21)",,5,152,26/11/2024,Paused,0
"I, The All-Class Magus, All My Awakening Skills Are LvMax",28605298500663705.jpg,,Universal System (https://www.notion.so/Universal-System-216c9852cdba80c986c7df065e2220a6?pvs=21),,4,15,30/12/2024,Dropped,0
I Can Track Everything,i-can-track-everything.jpg,,System (https://www.notion.so/System-216c9852cdba80569a9acebd2af8dadf?pvs=21),887,6,18,03/02/2025,Dropped,905
Life Simulation: I Caused the Female Sword Immortal to Regret Forever,life-simulation-i-caused-the-fema.jpg,,System (https://www.notion.so/System-216c9852cdba80569a9acebd2af8dadf?pvs=21),,1,4,12/06/2025,Dropped,
Staying Alive Cautiously in the Celestial Realm and Becoming the Strongest,23523223806341905.jpg,,Cultivation (https://www.notion.so/Cultivation-216c9852cdba806fb359c4885235ef23?pvs=21),,1,6,12/06/2025,Dropped,
BTTH Life Simulator System,24378681606292505.jpg,,System (https://www.notion.so/System-216c9852cdba80569a9acebd2af8dadf?pvs=21),,1,7,09/06/2025,Dropped,
Village Head's Debauchery,25349722706947805.jpg,,Fantasy (https://www.notion.so/Fantasy-216c9852cdba8118bdb5e9b796351300?pvs=21),,8,683,12/06/2025,Dropped,
Dimensional Keeper: All My Skills Are at Level 100,dimensional-keeper-all-my-skills-are-at-level-100.jpg,,Universal System (https://www.notion.so/Universal-System-216c9852cdba80c986c7df065e2220a6?pvs=21),,1,8,12/06/2025,Dropped,
Death... and me,17340518006576905.jpg,,System (https://www.notion.so/System-216c9852cdba80569a9acebd2af8dadf?pvs=21),,6,60,12/06/2025,Dropped,
"Sign In Ten Years, Then I Am Exposed By My Gorgeous Senior",21189171306782005.jpg,,System (https://www.notion.so/System-216c9852cdba80569a9acebd2af8dadf?pvs=21),,4,38,18/06/2025,Dropped,
Cursed Immortality,23119620406269605.jpg,,Fantasy (https://www.notion.so/Fantasy-216c9852cdba8118bdb5e9b796351300?pvs=21),969,1,6,18/06/2025,Dropped,975
Walker Of The Worlds,walker-of-the-worlds.jpg,,"Cultivation (https://www.notion.so/Cultivation-216c9852cdba806fb359c4885235ef23?pvs=21), Fantasy (https://www.notion.so/Fantasy-216c9852cdba8118bdb5e9b796351300?pvs=21)",2895,2,3,18/06/2025,Dropped,2898
Getting a Technology System in Modern Day,25517749806394605.jpg,,"System (https://www.notion.so/System-216c9852cdba80569a9acebd2af8dadf?pvs=21), Fantasy (https://www.notion.so/Fantasy-216c9852cdba8118bdb5e9b796351300?pvs=21)",,6,408,19/06/2025,Dropped,
Tyranny of Steel,20627562705133205.jpg,,"Transmigration (https://www.notion.so/Transmigration-216c9852cdba80eba173c7a9fe7837c7?pvs=21), Fantasy (https://www.notion.so/Fantasy-216c9852cdba8118bdb5e9b796351300?pvs=21)",,2,2,22/06/2025,Dropped,
Villainous Young Master's Otherworldly Harem,24312727605504105.jpg,,"System (https://www.notion.so/System-216c9852cdba80569a9acebd2af8dadf?pvs=21), Transmigration (https://www.notion.so/Transmigration-216c9852cdba80eba173c7a9fe7837c7?pvs=21), Fantasy (https://www.notion.so/Fantasy-216c9852cdba8118bdb5e9b796351300?pvs=21), Adult (https://www.notion.so/Adult-216c9852cdba80239e30e8c5e539c1da?pvs=21)",,2,68,23/06/2025,Dropped,
Cheat Cultivator's Ascension,cheat-cultivators-ascension.jpg,,"Reincarnation (https://www.notion.so/Reincarnation-216c9852cdba809e878fee4873faa3e1?pvs=21), System (https://www.notion.so/System-216c9852cdba80569a9acebd2af8dadf?pvs=21), Fantasy (https://www.notion.so/Fantasy-216c9852cdba8118bdb5e9b796351300?pvs=21), Cultivation (https://www.notion.so/Cultivation-216c9852cdba806fb359c4885235ef23?pvs=21), Adult (https://www.notion.so/Adult-216c9852cdba80239e30e8c5e539c1da?pvs=21)",,3,22,26/06/2025,Dropped,
Your Talent is Mine,your-talent-is-mine.jpg,,"Transmigration (https://www.notion.so/Transmigration-216c9852cdba80eba173c7a9fe7837c7?pvs=21), System (https://www.notion.so/System-216c9852cdba80569a9acebd2af8dadf?pvs=21), Cultivation (https://www.notion.so/Cultivation-216c9852cdba806fb359c4885235ef23?pvs=21), Fantasy (https://www.notion.so/Fantasy-216c9852cdba8118bdb5e9b796351300?pvs=21)",,1,8,26/06/2025,Dropped,
I Enslaved The Goddess Who Summoned Me,,,"Transmigration (https://www.notion.so/Transmigration-216c9852cdba80eba173c7a9fe7837c7?pvs=21), System (https://www.notion.so/System-216c9852cdba80569a9acebd2af8dadf?pvs=21), Fantasy (https://www.notion.so/Fantasy-216c9852cdba8118bdb5e9b796351300?pvs=21), Adult (https://www.notion.so/Adult-216c9852cdba80239e30e8c5e539c1da?pvs=21)",,3,34,26/06/2025,Dropped,
Riches and Bitches: I have a gate to an isekai and leveling-up system!,,,"Fantasy (https://www.notion.so/Fantasy-216c9852cdba8118bdb5e9b796351300?pvs=21), System (https://www.notion.so/System-216c9852cdba80569a9acebd2af8dadf?pvs=21)",,1,4,26/06/2025,Dropped,
The World Is Mine For The Taking,,,"Fantasy (https://www.notion.so/Fantasy-216c9852cdba8118bdb5e9b796351300?pvs=21), Transmigration (https://www.notion.so/Transmigration-216c9852cdba80eba173c7a9fe7837c7?pvs=21), Adult (https://www.notion.so/Adult-216c9852cdba80239e30e8c5e539c1da?pvs=21)",,2,26,26/06/2025,Dropped,
Milf Hunter: Seducing And Taming Beauties,,,"System (https://www.notion.so/System-216c9852cdba80569a9acebd2af8dadf?pvs=21), Fantasy (https://www.notion.so/Fantasy-216c9852cdba8118bdb5e9b796351300?pvs=21), Adult (https://www.notion.so/Adult-216c9852cdba80239e30e8c5e539c1da?pvs=21)",,2,170,27/06/2025,Paused,
Conquering System: Harem With Infinite Rebirths,,,"System (https://www.notion.so/System-216c9852cdba80569a9acebd2af8dadf?pvs=21), Adult (https://www.notion.so/Adult-216c9852cdba80239e30e8c5e539c1da?pvs=21)",,1,1,30/06/2025,Dropped,
Protagonist?Antagonist? I Reject Both,,,"Transmigration (https://www.notion.so/Transmigration-216c9852cdba80eba173c7a9fe7837c7?pvs=21), System (https://www.notion.so/System-216c9852cdba80569a9acebd2af8dadf?pvs=21), Fantasy (https://www.notion.so/Fantasy-216c9852cdba8118bdb5e9b796351300?pvs=21), Cultivation (https://www.notion.so/Cultivation-216c9852cdba806fb359c4885235ef23?pvs=21)",,3,68,30/06/2025,Dropped,
First Demonic Dragon,,,,,5,160,01/07/2025,Dropped,
Reincarnated as a Son of the Sword Saint and the Sage,,,"Universal System (https://www.notion.so/Universal-System-216c9852cdba80c986c7df065e2220a6?pvs=21), Reincarnation (https://www.notion.so/Reincarnation-216c9852cdba809e878fee4873faa3e1?pvs=21), Cheat (https://www.notion.so/Cheat-216c9852cdba80eeac7eeda9a6148fe0?pvs=21), Fantasy (https://www.notion.so/Fantasy-216c9852cdba8118bdb5e9b796351300?pvs=21)",,2,18,01/07/2025,Dropped,
Strongest Necromancer Of Heaven's Gate,,,"Reincarnation (https://www.notion.so/Reincarnation-216c9852cdba809e878fee4873faa3e1?pvs=21), Universal System (https://www.notion.so/Universal-System-216c9852cdba80c986c7df065e2220a6?pvs=21), Cheat (https://www.notion.so/Cheat-216c9852cdba80eeac7eeda9a6148fe0?pvs=21)",,3,20,01/07/2025,Dropped,
Manaless Mage,,,"System (https://www.notion.so/System-216c9852cdba80569a9acebd2af8dadf?pvs=21), Fantasy (https://www.notion.so/Fantasy-216c9852cdba8118bdb5e9b796351300?pvs=21)",,1,5,02/07/2025,Dropped,
"I Got a Cheat and Moved to Another World, so I Want to Live as I Like",,,"Transmigration (https://www.notion.so/Transmigration-216c9852cdba80eba173c7a9fe7837c7?pvs=21), Fantasy (https://www.notion.so/Fantasy-216c9852cdba8118bdb5e9b796351300?pvs=21), Cheat (https://www.notion.so/Cheat-216c9852cdba80eeac7eeda9a6148fe0?pvs=21)",,3,2,02/07/2025,Dropped,
Womanizing Mage,,,Fantasy (https://www.notion.so/Fantasy-216c9852cdba8118bdb5e9b796351300?pvs=21),,1,2,02/07/2025,Dropped,
Surviving in Woman's world as a novel villain,,,"Transmigration (https://www.notion.so/Transmigration-216c9852cdba80eba173c7a9fe7837c7?pvs=21), System (https://www.notion.so/System-216c9852cdba80569a9acebd2af8dadf?pvs=21), Fantasy (https://www.notion.so/Fantasy-216c9852cdba8118bdb5e9b796351300?pvs=21), Adult (https://www.notion.so/Adult-216c9852cdba80239e30e8c5e539c1da?pvs=21)",,4,290,03/07/2025,Dropped,
Atticus’s Odyssey: Reincarnated Into A Playground,,,"Fantasy (https://www.notion.so/Fantasy-216c9852cdba8118bdb5e9b796351300?pvs=21), Reincarnation (https://www.notion.so/Reincarnation-216c9852cdba809e878fee4873faa3e1?pvs=21)",,1,4,04/07/2025,Dropped,
Dark Magus Returns,,,"Transmigration (https://www.notion.so/Transmigration-216c9852cdba80eba173c7a9fe7837c7?pvs=21), Fantasy (https://www.notion.so/Fantasy-216c9852cdba8118bdb5e9b796351300?pvs=21)",,6,45,04/07/2025,Dropped,
Primordial Chaos Dragon Tower: Harem System,,,"Transmigration (https://www.notion.so/Transmigration-216c9852cdba80eba173c7a9fe7837c7?pvs=21), System (https://www.notion.so/System-216c9852cdba80569a9acebd2af8dadf?pvs=21), Cheat (https://www.notion.so/Cheat-216c9852cdba80eeac7eeda9a6148fe0?pvs=21), Fantasy (https://www.notion.so/Fantasy-216c9852cdba8118bdb5e9b796351300?pvs=21), Adult (https://www.notion.so/Adult-216c9852cdba80239e30e8c5e539c1da?pvs=21)",,5,395,05/07/2025,Dropped,
The Incubus System,,,"Fantasy (https://www.notion.so/Fantasy-216c9852cdba8118bdb5e9b796351300?pvs=21), System (https://www.notion.so/System-216c9852cdba80569a9acebd2af8dadf?pvs=21), Adult (https://www.notion.so/Adult-216c9852cdba80239e30e8c5e539c1da?pvs=21)",,7,196,06/07/2025,Paused,
Lackey's Seducing Survival Odyssey,,,"Transmigration (https://www.notion.so/Transmigration-216c9852cdba80eba173c7a9fe7837c7?pvs=21), System (https://www.notion.so/System-216c9852cdba80569a9acebd2af8dadf?pvs=21), Universal System (https://www.notion.so/Universal-System-216c9852cdba80c986c7df065e2220a6?pvs=21), Adult (https://www.notion.so/Adult-216c9852cdba80239e30e8c5e539c1da?pvs=21), Fantasy (https://www.notion.so/Fantasy-216c9852cdba8118bdb5e9b796351300?pvs=21)",,10,1100,07/07/2025,Paused,
The Goddess Made A Mistake Again,,,"Transmigration (https://www.notion.so/Transmigration-216c9852cdba80eba173c7a9fe7837c7?pvs=21), Adult (https://www.notion.so/Adult-216c9852cdba80239e30e8c5e539c1da?pvs=21), Fantasy (https://www.notion.so/Fantasy-216c9852cdba8118bdb5e9b796351300?pvs=21)",,5,242,09/07/2025,Paused,
Villain: Manipulating the Heroines into hating the Protagonist,,,"Transmigration (https://www.notion.so/Transmigration-216c9852cdba80eba173c7a9fe7837c7?pvs=21), System (https://www.notion.so/System-216c9852cdba80569a9acebd2af8dadf?pvs=21), Cultivation (https://www.notion.so/Cultivation-216c9852cdba806fb359c4885235ef23?pvs=21), Fantasy (https://www.notion.so/Fantasy-216c9852cdba8118bdb5e9b796351300?pvs=21), Adult (https://www.notion.so/Adult-216c9852cdba80239e30e8c5e539c1da?pvs=21)",,6,90,10/07/2025,Paused,
Taming The Villainesses,,,"Transmigration (https://www.notion.so/Transmigration-216c9852cdba80eba173c7a9fe7837c7?pvs=21), System (https://www.notion.so/System-216c9852cdba80569a9acebd2af8dadf?pvs=21), Fantasy (https://www.notion.so/Fantasy-216c9852cdba8118bdb5e9b796351300?pvs=21), Adult (https://www.notion.so/Adult-216c9852cdba80239e30e8c5e539c1da?pvs=21)",,8,121.2,11/07/2025,Paused,
shoujo grand summoning,,,"Transmigration (https://www.notion.so/Transmigration-216c9852cdba80eba173c7a9fe7837c7?pvs=21), System (https://www.notion.so/System-216c9852cdba80569a9acebd2af8dadf?pvs=21), Fantasy (https://www.notion.so/Fantasy-216c9852cdba8118bdb5e9b796351300?pvs=21)",,3,50,12/07/2025,Dropped,
Slice Of Life In Fantasy World,,,"Reincarnation (https://www.notion.so/Reincarnation-216c9852cdba809e878fee4873faa3e1?pvs=21), Adult (https://www.notion.so/Adult-216c9852cdba80239e30e8c5e539c1da?pvs=21), Fantasy (https://www.notion.so/Fantasy-216c9852cdba8118bdb5e9b796351300?pvs=21)",,4,110,17/07/2025,Dropped,
Esper Harem in the Apocalypse,,,"Transmigration (https://www.notion.so/Transmigration-216c9852cdba80eba173c7a9fe7837c7?pvs=21), Fantasy (https://www.notion.so/Fantasy-216c9852cdba8118bdb5e9b796351300?pvs=21), Cheat (https://www.notion.so/Cheat-216c9852cdba80eeac7eeda9a6148fe0?pvs=21), Adult (https://www.notion.so/Adult-216c9852cdba80239e30e8c5e539c1da?pvs=21)",,6,734,28/07/2025,Dropped,
My NTR Harem,,,"Transmigration (https://www.notion.so/Transmigration-216c9852cdba80eba173c7a9fe7837c7?pvs=21), Adult (https://www.notion.so/Adult-216c9852cdba80239e30e8c5e539c1da?pvs=21), Cheat (https://www.notion.so/Cheat-216c9852cdba80eeac7eeda9a6148fe0?pvs=21), Fantasy (https://www.notion.so/Fantasy-216c9852cdba8118bdb5e9b796351300?pvs=21)",,1,4,31/07/2025,Dropped,
Ero Academy,,,"Transmigration (https://www.notion.so/Transmigration-216c9852cdba80eba173c7a9fe7837c7?pvs=21), Fantasy (https://www.notion.so/Fantasy-216c9852cdba8118bdb5e9b796351300?pvs=21), Adult (https://www.notion.so/Adult-216c9852cdba80239e30e8c5e539c1da?pvs=21), Cheat (https://www.notion.so/Cheat-216c9852cdba80eeac7eeda9a6148fe0?pvs=21), Universal System (https://www.notion.so/Universal-System-216c9852cdba80c986c7df065e2220a6?pvs=21)",,7,242,03/08/2025,Paused,
This Eroge Won't Make Me Fall!,,,"Fantasy (https://www.notion.so/Fantasy-216c9852cdba8118bdb5e9b796351300?pvs=21), Transmigration (https://www.notion.so/Transmigration-216c9852cdba80eba173c7a9fe7837c7?pvs=21), Adult (https://www.notion.so/Adult-216c9852cdba80239e30e8c5e539c1da?pvs=21)",,5,214,07/08/2025,Dropped,
Cheat Awakening,,,"Fantasy (https://www.notion.so/Fantasy-216c9852cdba8118bdb5e9b796351300?pvs=21), Cheat (https://www.notion.so/Cheat-216c9852cdba80eeac7eeda9a6148fe0?pvs=21), Adult (https://www.notion.so/Adult-216c9852cdba80239e30e8c5e539c1da?pvs=21), OP MC (https://www.notion.so/OP-MC-216c9852cdba80998dabef0c46e2d8ef?pvs=21)",,1,36,08/08/2025,Dropped,
Zhang Fei - The Abandoned Son,,,"System (https://www.notion.so/System-216c9852cdba80569a9acebd2af8dadf?pvs=21), Cultivation (https://www.notion.so/Cultivation-216c9852cdba806fb359c4885235ef23?pvs=21), Adult (https://www.notion.so/Adult-216c9852cdba80239e30e8c5e539c1da?pvs=21)",,1,28,09/08/2025,Dropped,
How to survive in the Romance Fantasy Game,,,"Transmigration (https://www.notion.so/Transmigration-216c9852cdba80eba173c7a9fe7837c7?pvs=21), System (https://www.notion.so/System-216c9852cdba80569a9acebd2af8dadf?pvs=21), Fantasy (https://www.notion.so/Fantasy-216c9852cdba8118bdb5e9b796351300?pvs=21), Universal System (https://www.notion.so/Universal-System-216c9852cdba80c986c7df065e2220a6?pvs=21)",,3,144,09/08/2025,Paused,
Shattered Innocence: Transmigrated Into a Novel as an Extra,,,"Transmigration (https://www.notion.so/Transmigration-216c9852cdba80eba173c7a9fe7837c7?pvs=21), Fantasy (https://www.notion.so/Fantasy-216c9852cdba8118bdb5e9b796351300?pvs=21)",,8,862,10/08/2025,Paused,
The Goddess Is Obsessed With Me,,,"Transmigration (https://www.notion.so/Transmigration-216c9852cdba80eba173c7a9fe7837c7?pvs=21), Fantasy (https://www.notion.so/Fantasy-216c9852cdba8118bdb5e9b796351300?pvs=21)",,1,9,12/08/2025,Dropped,
Getting a Sugar Mommy in Cultivation World!!,,,"Transmigration (https://www.notion.so/Transmigration-216c9852cdba80eba173c7a9fe7837c7?pvs=21), Fantasy (https://www.notion.so/Fantasy-216c9852cdba8118bdb5e9b796351300?pvs=21), Cultivation (https://www.notion.so/Cultivation-216c9852cdba806fb359c4885235ef23?pvs=21), OP MC (https://www.notion.so/OP-MC-216c9852cdba80998dabef0c46e2d8ef?pvs=21)",,5,462,14/08/2025,Dropped,
Re-Awakening: I Ascend with a Legendary class,,,"Reincarnation (https://www.notion.so/Reincarnation-216c9852cdba809e878fee4873faa3e1?pvs=21), Universal System (https://www.notion.so/Universal-System-216c9852cdba80c986c7df065e2220a6?pvs=21), Fantasy (https://www.notion.so/Fantasy-216c9852cdba8118bdb5e9b796351300?pvs=21)",,3,30,16/08/2025,Dropped,
I alone am the Honoured One!,,,"Cultivation (https://www.notion.so/Cultivation-216c9852cdba806fb359c4885235ef23?pvs=21), Adult (https://www.notion.so/Adult-216c9852cdba80239e30e8c5e539c1da?pvs=21)",,1,46,17/08/2025,Dropped,
True King's Ecstasy,,,"Reincarnation (https://www.notion.so/Reincarnation-216c9852cdba809e878fee4873faa3e1?pvs=21), Fantasy (https://www.notion.so/Fantasy-216c9852cdba8118bdb5e9b796351300?pvs=21), System (https://www.notion.so/System-216c9852cdba80569a9acebd2af8dadf?pvs=21), Adult (https://www.notion.so/Adult-216c9852cdba80239e30e8c5e539c1da?pvs=21)",,3,25,17/08/2025,Dropped,
Peerless Martial God,,,"Transmigration (https://www.notion.so/Transmigration-216c9852cdba80eba173c7a9fe7837c7?pvs=21), Cultivation (https://www.notion.so/Cultivation-216c9852cdba806fb359c4885235ef23?pvs=21)",,4,52,17/08/2025,Dropped,
The Author's POV,,,"Transmigration (https://www.notion.so/Transmigration-216c9852cdba80eba173c7a9fe7837c7?pvs=21), Universal System (https://www.notion.so/Universal-System-216c9852cdba80c986c7df065e2220a6?pvs=21), Romance (https://www.notion.so/Romance-254c9852cdba807cb61fdfcc85a55ce2?pvs=21), System (https://www.notion.so/System-216c9852cdba80569a9acebd2af8dadf?pvs=21), Fantasy (https://www.notion.so/Fantasy-216c9852cdba8118bdb5e9b796351300?pvs=21)",462,6,402,18/08/2025,Paused,864
Lord of Mysteries,,,"Transmigration (https://www.notion.so/Transmigration-216c9852cdba80eba173c7a9fe7837c7?pvs=21), Fantasy (https://www.notion.so/Fantasy-216c9852cdba8118bdb5e9b796351300?pvs=21)",1065,7,367,22/08/2025,Paused,1432
Surviving as a Barbarian in a Fantasy World,,,"Transmigration (https://www.notion.so/Transmigration-216c9852cdba80eba173c7a9fe7837c7?pvs=21), Fantasy (https://www.notion.so/Fantasy-216c9852cdba8118bdb5e9b796351300?pvs=21), System (https://www.notion.so/System-216c9852cdba80569a9acebd2af8dadf?pvs=21)",,5,228,28/08/2025,Dropped,
All MILFs are Mine,,,"Transmigration (https://www.notion.so/Transmigration-216c9852cdba80eba173c7a9fe7837c7?pvs=21), Fantasy (https://www.notion.so/Fantasy-216c9852cdba8118bdb5e9b796351300?pvs=21), Universal System (https://www.notion.so/Universal-System-216c9852cdba80c986c7df065e2220a6?pvs=21), System (https://www.notion.so/System-216c9852cdba80569a9acebd2af8dadf?pvs=21), Adult (https://www.notion.so/Adult-216c9852cdba80239e30e8c5e539c1da?pvs=21)",,8,106,29/08/2025,Paused,
Chrysalis,,,Fantasy (https://www.notion.so/Fantasy-216c9852cdba8118bdb5e9b796351300?pvs=21),,3,5,31/08/2025,Dropped,
The Death Mage Who Doesn’t Want a Fourth Time,,,"Reincarnation (https://www.notion.so/Reincarnation-216c9852cdba809e878fee4873faa3e1?pvs=21), Universal System (https://www.notion.so/Universal-System-216c9852cdba80c986c7df065e2220a6?pvs=21)",,3,9,31/08/2025,Dropped,
Road to Kingdom,,,"Fantasy (https://www.notion.so/Fantasy-216c9852cdba8118bdb5e9b796351300?pvs=21), Adult (https://www.notion.so/Adult-216c9852cdba80239e30e8c5e539c1da?pvs=21)",,5,4,31/08/2025,Dropped,
The World After the Fall,,,Fantasy (https://www.notion.so/Fantasy-216c9852cdba8118bdb5e9b796351300?pvs=21),237,3,10,05/09/2025,Dropped,247
Surviving the Game as a Barbarian,,,"Transmigration (https://www.notion.so/Transmigration-216c9852cdba80eba173c7a9fe7837c7?pvs=21), Fantasy (https://www.notion.so/Fantasy-216c9852cdba8118bdb5e9b796351300?pvs=21), Universal System (https://www.notion.so/Universal-System-216c9852cdba80c986c7df065e2220a6?pvs=21)",,5,44,05/09/2025,Paused,
Solo Max-Level Newbie,,,"Fantasy (https://www.notion.so/Fantasy-216c9852cdba8118bdb5e9b796351300?pvs=21), Universal System (https://www.notion.so/Universal-System-216c9852cdba80c986c7df065e2220a6?pvs=21)",,5,3,06/09/2025,Dropped,
Eat The World Tree,,,"Transmigration (https://www.notion.so/Transmigration-216c9852cdba80eba173c7a9fe7837c7?pvs=21), Fantasy (https://www.notion.so/Fantasy-216c9852cdba8118bdb5e9b796351300?pvs=21), System (https://www.notion.so/System-216c9852cdba80569a9acebd2af8dadf?pvs=21)",,5,58,06/09/2025,Dropped,
My Alter Ego’s Path to Greatness,,,"Universal System (https://www.notion.so/Universal-System-216c9852cdba80c986c7df065e2220a6?pvs=21), OP MC (https://www.notion.so/OP-MC-216c9852cdba80998dabef0c46e2d8ef?pvs=21), Cheat (https://www.notion.so/Cheat-216c9852cdba80eeac7eeda9a6148fe0?pvs=21), Fantasy (https://www.notion.so/Fantasy-216c9852cdba8118bdb5e9b796351300?pvs=21)",,4,38,03/12/2025,Dropped,
I Parry Everything: What Do You Mean I’m the Strongest? I’m Not Even an Adventurer Yet!,,,"OP MC (https://www.notion.so/OP-MC-216c9852cdba80998dabef0c46e2d8ef?pvs=21), Fantasy (https://www.notion.so/Fantasy-216c9852cdba8118bdb5e9b796351300?pvs=21), Universal System (https://www.notion.so/Universal-System-216c9852cdba80c986c7df065e2220a6?pvs=21)",,5,47,23/12/2025,Dropped,
"While Others Cultivate, I Use My Unique RPG Leveling System to Cultivate Smut Romance With Their Girlfriends!",,,"Adult (https://www.notion.so/Adult-216c9852cdba80239e30e8c5e539c1da?pvs=21), OP MC (https://www.notion.so/OP-MC-216c9852cdba80998dabef0c46e2d8ef?pvs=21), Cheat (https://www.notion.so/Cheat-216c9852cdba80eeac7eeda9a6148fe0?pvs=21), Reincarnation (https://www.notion.so/Reincarnation-216c9852cdba809e878fee4873faa3e1?pvs=21), Cultivation (https://www.notion.so/Cultivation-216c9852cdba806fb359c4885235ef23?pvs=21), System (https://www.notion.so/System-216c9852cdba80569a9acebd2af8dadf?pvs=21)",,3,62,30/12/2025,Dropped,
"Spare Me, Great Lord!",,,"System (https://www.notion.so/System-216c9852cdba80569a9acebd2af8dadf?pvs=21), OP MC (https://www.notion.so/OP-MC-216c9852cdba80998dabef0c46e2d8ef?pvs=21), Cheat (https://www.notion.so/Cheat-216c9852cdba80eeac7eeda9a6148fe0?pvs=21), Cultivation (https://www.notion.so/Cultivation-216c9852cdba806fb359c4885235ef23?pvs=21)",293,9,1039,06/01/2026,Paused,1332
Infinite Awakening: My Exp Doubles Everyday,,,"System (https://www.notion.so/System-216c9852cdba80569a9acebd2af8dadf?pvs=21), Cultivation (https://www.notion.so/Cultivation-216c9852cdba806fb359c4885235ef23?pvs=21)",,5,98,23/01/2026,Dropped,
Qi Cultivation Starting from the Repair Panel,,,"System (https://www.notion.so/System-216c9852cdba80569a9acebd2af8dadf?pvs=21), Cultivation (https://www.notion.so/Cultivation-216c9852cdba806fb359c4885235ef23?pvs=21), Transmigration (https://www.notion.so/Transmigration-216c9852cdba80eba173c7a9fe7837c7?pvs=21)",,4,41,04/02/2026,Dropped,
"As a father, I just want to quietly watch you live a long life",,,"System (https://www.notion.so/System-216c9852cdba80569a9acebd2af8dadf?pvs=21), Transmigration (https://www.notion.so/Transmigration-216c9852cdba80eba173c7a9fe7837c7?pvs=21), Cultivation (https://www.notion.so/Cultivation-216c9852cdba806fb359c4885235ef23?pvs=21)",,5,20,06/02/2026,Dropped,
Two Realms Shuttle Gate: Don't Call Me a Demon!,,,Cultivation (https://www.notion.so/Cultivation-216c9852cdba806fb359c4885235ef23?pvs=21),,5,24,06/02/2026,Dropped,
"You Cultivate, I Farm",,,"Cheat (https://www.notion.so/Cheat-216c9852cdba80eeac7eeda9a6148fe0?pvs=21), Cultivation (https://www.notion.so/Cultivation-216c9852cdba806fb359c4885235ef23?pvs=21), Transmigration (https://www.notion.so/Transmigration-216c9852cdba80eba173c7a9fe7837c7?pvs=21)",,5,50,08/02/2026,Dropped,
I Live Forever In The World of Cultivation World,,,"Cheat (https://www.notion.so/Cheat-216c9852cdba80eeac7eeda9a6148fe0?pvs=21), Transmigration (https://www.notion.so/Transmigration-216c9852cdba80eba173c7a9fe7837c7?pvs=21), Cultivation (https://www.notion.so/Cultivation-216c9852cdba806fb359c4885235ef23?pvs=21)",,1,1,09/02/2026,Dropped,
The Adventures of an Overpowered Knight in Another World,,,"Cheat (https://www.notion.so/Cheat-216c9852cdba80eeac7eeda9a6148fe0?pvs=21), Transmigration (https://www.notion.so/Transmigration-216c9852cdba80eba173c7a9fe7837c7?pvs=21), Universal System (https://www.notion.so/Universal-System-216c9852cdba80c986c7df065e2220a6?pvs=21), Adult (https://www.notion.so/Adult-216c9852cdba80239e30e8c5e539c1da?pvs=21)",,6,80,10/02/2026,Dropped,
Pervert In Stone Age: Breaking Cavewomen with Modern Kinks,,,"System (https://www.notion.so/System-216c9852cdba80569a9acebd2af8dadf?pvs=21), Transmigration (https://www.notion.so/Transmigration-216c9852cdba80eba173c7a9fe7837c7?pvs=21), Adult (https://www.notion.so/Adult-216c9852cdba80239e30e8c5e539c1da?pvs=21), Fantasy (https://www.notion.so/Fantasy-216c9852cdba8118bdb5e9b796351300?pvs=21)",,4,22,11/02/2026,Dropped,
"Logging 10,000 Years into the Future",,,"Cheat (https://www.notion.so/Cheat-216c9852cdba80eeac7eeda9a6148fe0?pvs=21), Transmigration (https://www.notion.so/Transmigration-216c9852cdba80eba173c7a9fe7837c7?pvs=21), Cultivation (https://www.notion.so/Cultivation-216c9852cdba806fb359c4885235ef23?pvs=21), Fantasy (https://www.notion.so/Fantasy-216c9852cdba8118bdb5e9b796351300?pvs=21)",,7,88,12/02/2026,Dropped,
Starting as a Son-in-law to Establish an immortal Family,,,"System (https://www.notion.so/System-216c9852cdba80569a9acebd2af8dadf?pvs=21), Transmigration (https://www.notion.so/Transmigration-216c9852cdba80eba173c7a9fe7837c7?pvs=21), Cultivation (https://www.notion.so/Cultivation-216c9852cdba806fb359c4885235ef23?pvs=21), Adult (https://www.notion.so/Adult-216c9852cdba80239e30e8c5e539c1da?pvs=21)",,8,1497,12/02/2026,Paused,
The Hero of Hypnosis,,,"System (https://www.notion.so/System-216c9852cdba80569a9acebd2af8dadf?pvs=21), Transmigration (https://www.notion.so/Transmigration-216c9852cdba80eba173c7a9fe7837c7?pvs=21), Fantasy (https://www.notion.so/Fantasy-216c9852cdba8118bdb5e9b796351300?pvs=21), Adult (https://www.notion.so/Adult-216c9852cdba80239e30e8c5e539c1da?pvs=21)",,5,10,12/02/2026,Dropped,
"Steady Cultivation: Starting With the Perk “Work Hard, Rest Hard”",,,"System (https://www.notion.so/System-216c9852cdba80569a9acebd2af8dadf?pvs=21), Cultivation (https://www.notion.so/Cultivation-216c9852cdba806fb359c4885235ef23?pvs=21), Transmigration (https://www.notion.so/Transmigration-216c9852cdba80eba173c7a9fe7837c7?pvs=21), OP MC (https://www.notion.so/OP-MC-216c9852cdba80998dabef0c46e2d8ef?pvs=21)",,9,400,18/02/2026,Paused,
"Investing in the Reborn Empress, She Actually Calls Me ‘Husband’",,,"System (https://www.notion.so/System-216c9852cdba80569a9acebd2af8dadf?pvs=21), Transmigration (https://www.notion.so/Transmigration-216c9852cdba80eba173c7a9fe7837c7?pvs=21), Cultivation (https://www.notion.so/Cultivation-216c9852cdba806fb359c4885235ef23?pvs=21), OP MC (https://www.notion.so/OP-MC-216c9852cdba80998dabef0c46e2d8ef?pvs=21)",,6,190,23/02/2026,Dropped,
Immortality Cultivation: I Can increase My Stats Using Clansmen's Qi-Blood,,,"System (https://www.notion.so/System-216c9852cdba80569a9acebd2af8dadf?pvs=21), Transmigration (https://www.notion.so/Transmigration-216c9852cdba80eba173c7a9fe7837c7?pvs=21), Cultivation (https://www.notion.so/Cultivation-216c9852cdba806fb359c4885235ef23?pvs=21)",,5,48,24/02/2026,Dropped,
Cultivating for a hundred lifetimes to ascension,,,"Cheat (https://www.notion.so/Cheat-216c9852cdba80eeac7eeda9a6148fe0?pvs=21), Transmigration (https://www.notion.so/Transmigration-216c9852cdba80eba173c7a9fe7837c7?pvs=21), Cultivation (https://www.notion.so/Cultivation-216c9852cdba806fb359c4885235ef23?pvs=21)",,4,2,24/02/2026,Dropped,
"I'm only one year old, what the heck is a Overturning System?!",,,"System (https://www.notion.so/System-216c9852cdba80569a9acebd2af8dadf?pvs=21), Transmigration (https://www.notion.so/Transmigration-216c9852cdba80eba173c7a9fe7837c7?pvs=21), Cultivation (https://www.notion.so/Cultivation-216c9852cdba806fb359c4885235ef23?pvs=21)",,5,18,24/02/2026,Dropped,
A Background Character’s Path to Power,,,"System (https://www.notion.so/System-216c9852cdba80569a9acebd2af8dadf?pvs=21), Fantasy (https://www.notion.so/Fantasy-216c9852cdba8118bdb5e9b796351300?pvs=21)",,1,14,08/03/2026,Dropped,
Reincarnated as a step-dad in a fantasy world,,,"System (https://www.notion.so/System-216c9852cdba80569a9acebd2af8dadf?pvs=21), Transmigration (https://www.notion.so/Transmigration-216c9852cdba80eba173c7a9fe7837c7?pvs=21), Fantasy (https://www.notion.so/Fantasy-216c9852cdba8118bdb5e9b796351300?pvs=21), Adult (https://www.notion.so/Adult-216c9852cdba80239e30e8c5e539c1da?pvs=21)",,1,25,03/03/2026,Dropped,
A Pervert's World,,,"Transmigration (https://www.notion.so/Transmigration-216c9852cdba80eba173c7a9fe7837c7?pvs=21), Adult (https://www.notion.so/Adult-216c9852cdba80239e30e8c5e539c1da?pvs=21)",,1,5,09/03/2026,Dropped,
My Scumbag System,,,"Transmigration (https://www.notion.so/Transmigration-216c9852cdba80eba173c7a9fe7837c7?pvs=21), Fantasy (https://www.notion.so/Fantasy-216c9852cdba8118bdb5e9b796351300?pvs=21), System (https://www.notion.so/System-216c9852cdba80569a9acebd2af8dadf?pvs=21), Adult (https://www.notion.so/Adult-216c9852cdba80239e30e8c5e539c1da?pvs=21)",,5,38,08/03/2026,Dropped,
"Dark Lord Seduction System: Taming Wives, Daughters, Aunts, and CEOs",,,"Adult (https://www.notion.so/Adult-216c9852cdba80239e30e8c5e539c1da?pvs=21), System (https://www.notion.so/System-216c9852cdba80569a9acebd2af8dadf?pvs=21)",,6,30,07/03/2026,Dropped,
What? System Wants Me To Steal MILFs To Become Stronger!,,,"Adult (https://www.notion.so/Adult-216c9852cdba80239e30e8c5e539c1da?pvs=21), Transmigration (https://www.notion.so/Transmigration-216c9852cdba80eba173c7a9fe7837c7?pvs=21), Cultivation (https://www.notion.so/Cultivation-216c9852cdba806fb359c4885235ef23?pvs=21), Cheat (https://www.notion.so/Cheat-216c9852cdba80eeac7eeda9a6148fe0?pvs=21)",,8,57,09/03/2026,Paused,
Concubines Lead to Strength: The Path to Immortality Begins with Taking a Spouse,,,"Adult (https://www.notion.so/Adult-216c9852cdba80239e30e8c5e539c1da?pvs=21), Transmigration (https://www.notion.so/Transmigration-216c9852cdba80eba173c7a9fe7837c7?pvs=21), System (https://www.notion.so/System-216c9852cdba80569a9acebd2af8dadf?pvs=21), Cultivation (https://www.notion.so/Cultivation-216c9852cdba806fb359c4885235ef23?pvs=21)",,6,287,11/03/2026,Paused,
"Kill Me More Times, I’ll Become Invincible",,,"Transmigration (https://www.notion.so/Transmigration-216c9852cdba80eba173c7a9fe7837c7?pvs=21), Cultivation (https://www.notion.so/Cultivation-216c9852cdba806fb359c4885235ef23?pvs=21), Cheat (https://www.notion.so/Cheat-216c9852cdba80eeac7eeda9a6148fe0?pvs=21)",,7,62,12/03/2026,Dropped,
Godly Revival System: I Buy My Killer's Stats,,,"System (https://www.notion.so/System-216c9852cdba80569a9acebd2af8dadf?pvs=21), Transmigration (https://www.notion.so/Transmigration-216c9852cdba80eba173c7a9fe7837c7?pvs=21), Cultivation (https://www.notion.so/Cultivation-216c9852cdba806fb359c4885235ef23?pvs=21)",,5,4,13/03/2026,Dropped,
The Immortal Wife Is Like A Cloud,,,"System (https://www.notion.so/System-216c9852cdba80569a9acebd2af8dadf?pvs=21), Transmigration (https://www.notion.so/Transmigration-216c9852cdba80eba173c7a9fe7837c7?pvs=21), Cultivation (https://www.notion.so/Cultivation-216c9852cdba806fb359c4885235ef23?pvs=21)",,5,150,13/03/2026,Dropped,
Depraved Noble: Forced To Live The Debaucherous Life Of An Evil Noble!,,,"Fantasy (https://www.notion.so/Fantasy-216c9852cdba8118bdb5e9b796351300?pvs=21), Transmigration (https://www.notion.so/Transmigration-216c9852cdba80eba173c7a9fe7837c7?pvs=21)",,5,5,13/03/2026,Dropped,
Ten Lucky Draws: I Became OP,,,"Fantasy (https://www.notion.so/Fantasy-216c9852cdba8118bdb5e9b796351300?pvs=21), Transmigration (https://www.notion.so/Transmigration-216c9852cdba80eba173c7a9fe7837c7?pvs=21), Universal System (https://www.notion.so/Universal-System-216c9852cdba80c986c7df065e2220a6?pvs=21), OP MC (https://www.notion.so/OP-MC-216c9852cdba80998dabef0c46e2d8ef?pvs=21), Adult (https://www.notion.so/Adult-216c9852cdba80239e30e8c5e539c1da?pvs=21)",,5,18,14/03/2026,Dropped,
Raising My Trash Ability into a Broken SSS+ Rank Skill,,,"Transmigration (https://www.notion.so/Transmigration-216c9852cdba80eba173c7a9fe7837c7?pvs=21), Universal System (https://www.notion.so/Universal-System-216c9852cdba80c986c7df065e2220a6?pvs=21), Fantasy (https://www.notion.so/Fantasy-216c9852cdba8118bdb5e9b796351300?pvs=21), Adult (https://www.notion.so/Adult-216c9852cdba80239e30e8c5e539c1da?pvs=21), OP MC (https://www.notion.so/OP-MC-216c9852cdba80998dabef0c46e2d8ef?pvs=21)",,6,56,14/03/2026,Dropped,
Warlock of the Magus World,,,"System (https://www.notion.so/System-216c9852cdba80569a9acebd2af8dadf?pvs=21), Transmigration (https://www.notion.so/Transmigration-216c9852cdba80eba173c7a9fe7837c7?pvs=21), Fantasy (https://www.notion.so/Fantasy-216c9852cdba8118bdb5e9b796351300?pvs=21), Cultivation (https://www.notion.so/Cultivation-216c9852cdba806fb359c4885235ef23?pvs=21), Adult (https://www.notion.so/Adult-216c9852cdba80239e30e8c5e539c1da?pvs=21)",1095,7,105,14/03/2026,Paused,1200
God-Tier Fishing System,,,"Transmigration (https://www.notion.so/Transmigration-216c9852cdba80eba173c7a9fe7837c7?pvs=21), Cultivation (https://www.notion.so/Cultivation-216c9852cdba806fb359c4885235ef23?pvs=21), System (https://www.notion.so/System-216c9852cdba80569a9acebd2af8dadf?pvs=21)",,6,10,16/03/2026,Dropped,
Killed Me? Now I Have Your Power,https://images.novelbin.me/novel/killed-me-now-i-have-your-power.jpg,,"Transmigration (https://www.notion.so/Transmigration-216c9852cdba80eba173c7a9fe7837c7?pvs=21), System (https://www.notion.so/System-216c9852cdba80569a9acebd2af8dadf?pvs=21), Fantasy (https://www.notion.so/Fantasy-216c9852cdba8118bdb5e9b796351300?pvs=21)",,5,9,21/03/2026,Dropped,
My Simulated Road to Immortality,,,"Cheat (https://www.notion.so/Cheat-216c9852cdba80eeac7eeda9a6148fe0?pvs=21), System (https://www.notion.so/System-216c9852cdba80569a9acebd2af8dadf?pvs=21), Cultivation (https://www.notion.so/Cultivation-216c9852cdba806fb359c4885235ef23?pvs=21), Transmigration (https://www.notion.so/Transmigration-216c9852cdba80eba173c7a9fe7837c7?pvs=21)",913,7,1478,17/03/2026,Dropped,2391
"Having children earns benefit, start competing for dominance in the world by marrying a wife",,,"Fantasy (https://www.notion.so/Fantasy-216c9852cdba8118bdb5e9b796351300?pvs=21), System (https://www.notion.so/System-216c9852cdba80569a9acebd2af8dadf?pvs=21), Adult (https://www.notion.so/Adult-216c9852cdba80239e30e8c5e539c1da?pvs=21)",,5,4,22/03/2026,Dropped,
Unstoppable Martial Arts: Starting with brother's wife and young sister,,,"System (https://www.notion.so/System-216c9852cdba80569a9acebd2af8dadf?pvs=21), Adult (https://www.notion.so/Adult-216c9852cdba80239e30e8c5e539c1da?pvs=21), Fantasy (https://www.notion.so/Fantasy-216c9852cdba8118bdb5e9b796351300?pvs=21)",,5,2,22/03/2026,Dropped,
Simulation Towards Immortality In A Group Chat,,02/04/2026,"System (https://www.notion.so/System-216c9852cdba80569a9acebd2af8dadf?pvs=21), Cheat (https://www.notion.so/Cheat-216c9852cdba80eeac7eeda9a6148fe0?pvs=21), OP MC (https://www.notion.so/OP-MC-216c9852cdba80998dabef0c46e2d8ef?pvs=21), Fantasy (https://www.notion.so/Fantasy-216c9852cdba8118bdb5e9b796351300?pvs=21), Cultivation (https://www.notion.so/Cultivation-216c9852cdba806fb359c4885235ef23?pvs=21), Transmigration (https://www.notion.so/Transmigration-216c9852cdba80eba173c7a9fe7837c7?pvs=21), Universal System (https://www.notion.so/Universal-System-216c9852cdba80c986c7df065e2220a6?pvs=21)",None,7,1294,28/03/2026,Finished,1294
Starting to Gain Experience from Push-Ups,https://images.novelbin.com/novel/starting-to-gain-experience-from-push-ups.jpg,,"System (https://www.notion.so/System-216c9852cdba80569a9acebd2af8dadf?pvs=21), Transmigration (https://www.notion.so/Transmigration-216c9852cdba80eba173c7a9fe7837c7?pvs=21), Fantasy (https://www.notion.so/Fantasy-216c9852cdba8118bdb5e9b796351300?pvs=21)",,5,20,04/04/2026,Dropped,
Godly Choice System,https://images.novelbin.me/novel/godly-choice-system.jpg,,"System (https://www.notion.so/System-216c9852cdba80569a9acebd2af8dadf?pvs=21), Fantasy (https://www.notion.so/Fantasy-216c9852cdba8118bdb5e9b796351300?pvs=21)",4359,4,2,05/04/2026,Dropped,4361
Life Simulation: Add Tags Starting with Wellness Technique,,,"System (https://www.notion.so/System-216c9852cdba80569a9acebd2af8dadf?pvs=21), Transmigration (https://www.notion.so/Transmigration-216c9852cdba80eba173c7a9fe7837c7?pvs=21), Cultivation (https://www.notion.so/Cultivation-216c9852cdba806fb359c4885235ef23?pvs=21)",917,4,2,05/04/2026,Dropped,919
I Just Want To Slack off In Cultivation,,,"System (https://www.notion.so/System-216c9852cdba80569a9acebd2af8dadf?pvs=21), Transmigration (https://www.notion.so/Transmigration-216c9852cdba80eba173c7a9fe7837c7?pvs=21), Cultivation (https://www.notion.so/Cultivation-216c9852cdba806fb359c4885235ef23?pvs=21)",,4,3,05/04/2026,Dropped,
The Innkeeper,,,"Cultivation (https://www.notion.so/Cultivation-216c9852cdba806fb359c4885235ef23?pvs=21), System (https://www.notion.so/System-216c9852cdba80569a9acebd2af8dadf?pvs=21), Cheat (https://www.notion.so/Cheat-216c9852cdba80eeac7eeda9a6148fe0?pvs=21)",,8,1272,24/04/2026,Paused,
Rebirth: Encyclopedia System,,,"System (https://www.notion.so/System-216c9852cdba80569a9acebd2af8dadf?pvs=21), Fantasy (https://www.notion.so/Fantasy-216c9852cdba8118bdb5e9b796351300?pvs=21), Adult (https://www.notion.so/Adult-216c9852cdba80239e30e8c5e539c1da?pvs=21)",,4,14,06/05/2026,Dropped,
Family Management Game In Immortal Continent,,,"Cheat (https://www.notion.so/Cheat-216c9852cdba80eeac7eeda9a6148fe0?pvs=21), Cultivation (https://www.notion.so/Cultivation-216c9852cdba806fb359c4885235ef23?pvs=21), Reincarnation (https://www.notion.so/Reincarnation-216c9852cdba809e878fee4873faa3e1?pvs=21)",,7,73,06/05/2026,Paused,