Name,Read Chapters,Start Date,Rating,Status
Family Management Game In Immortal Continent,73,06/05/2026,7,Paused
Rebirth: Encyclopedia System,14,06/05/2026,4,Dropped
The Innkeeper,1272,24/04/2026,8,Paused
I Just Want To Slack off In Cultivation,3,05/04/2026,4,Dropped
Life Simulation: Add Tags Starting with Wellness Technique,2,05/04/2026,4,Dropped
Godly Choice System,2,05/04/2026,4,Dropped
Starting to Gain Experience from Push-Ups,20,04/04/2026,5,Dropped
Simulation Towards Immortality In A Group Chat,1294,28/03/2026,7,Finished
Unstoppable Martial Arts: Starting with brother's wife and young sister,2,22/03/2026,5,Dropped
"Having children earns benefit, start competing for dominance in the world by marrying a wife",4,22/03/2026,5,Dropped
Killed Me? Now I Have Your Power,9,21/03/2026,5,Dropped
My Simulated Road to Immortality,1478,17/03/2026,7,Dropped
God-Tier Fishing System,10,16/03/2026,6,Dropped
Warlock of the Magus World,105,14/03/2026,7,Paused
Raising My Trash Ability into a Broken SSS+ Rank Skill,56,14/03/2026,6,Dropped
Ten Lucky Draws: I Became OP,18,14/03/2026,5,Dropped
Depraved Noble: Forced To Live The Debaucherous Life Of An Evil Noble!,5,13/03/2026,5,Dropped
The Immortal Wife Is Like A Cloud,150,13/03/2026,5,Dropped
Godly Revival System: I Buy My Killer's Stats,4,13/03/2026,5,Dropped
"Kill Me More Times, I’ll Become Invincible",62,12/03/2026,7,Dropped
Concubines Lead to Strength: The Path to Immortality Begins with Taking a Spouse,287,11/03/2026,6,Paused
What? System Wants Me To Steal MILFs To Become Stronger!,57,09/03/2026,8,Paused
A Pervert's World,5,09/03/2026,1,Dropped
My Scumbag System,38,08/03/2026,5,Dropped
A Background Character’s Path to Power,14,08/03/2026,1,Dropped
"Dark Lord Seduction System: Taming Wives, Daughters, Aunts, and CEOs",30,07/03/2026,6,Dropped
Reincarnated as a step-dad in a fantasy world,25,03/03/2026,1,Dropped
"I'm only one year old, what the heck is a Overturning System?!",18,24/02/2026,5,Dropped
Cultivating for a hundred lifetimes to ascension,2,24/02/2026,4,Dropped
Immortality Cultivation: I Can increase My Stats Using Clansmen's Qi-Blood,48,24/02/2026,5,Dropped
"Investing in the Reborn Empress, She Actually Calls Me ‘Husband’",190,23/02/2026,6,Dropped
"Steady Cultivation: Starting With the Perk “Work Hard, Rest Hard”",400,18/02/2026,9,Paused
The Hero of Hypnosis,10,12/02/2026,5,Dropped
Starting as a Son-in-law to Establish an immortal Family,1497,12/02/2026,8,Paused
"Logging 10,000 Years into the Future",88,12/02/2026,7,Dropped
Pervert In Stone Age: Breaking Cavewomen with Modern Kinks,22,11/02/2026,4,Dropped
The Adventures of an Overpowered Knight in Another World,80,10/02/2026,6,Dropped
I Live Forever In The World of Cultivation World,1,09/02/2026,1,Dropped
"You Cultivate, I Farm",50,08/02/2026,5,Dropped
Two Realms Shuttle Gate: Don't Call Me a Demon!,24,06/02/2026,5,Dropped
"As a father, I just want to quietly watch you live a long life",20,06/02/2026,5,Dropped
Qi Cultivation Starting from the Repair Panel,41,04/02/2026,4,Dropped
Infinite Awakening: My Exp Doubles Everyday,98,23/01/2026,5,Dropped
"Spare Me, Great Lord!",1039,06/01/2026,9,Paused
"While Others Cultivate, I Use My Unique RPG Leveling System to Cultivate Smut Romance With Their Girlfriends!",62,30/12/2025,3,Dropped
I Parry Everything: What Do You Mean I’m the Strongest? I’m Not Even an Adventurer Yet!,47,23/12/2025,5,Dropped
My Alter Ego’s Path to Greatness,38,03/12/2025,4,Dropped
Eat The World Tree,58,06/09/2025,5,Dropped
Solo Max-Level Newbie,3,06/09/2025,5,Dropped
Surviving the Game as a Barbarian,44,05/09/2025,5,Paused
The World After the Fall,10,05/09/2025,3,Dropped
Road to Kingdom,4,31/08/2025,5,Dropped
The Death Mage Who Doesn’t Want a Fourth Time,9,31/08/2025,3,Dropped
Chrysalis,5,31/08/2025,3,Dropped
All MILFs are Mine,106,29/08/2025,8,Paused
Surviving as a Barbarian in a Fantasy World,228,28/08/2025,5,Dropped
Lord of Mysteries,367,22/08/2025,7,Paused
The Author's POV,402,18/08/2025,6,Paused
Peerless Martial God,52,17/08/2025,4,Dropped
True King's Ecstasy,25,17/08/2025,3,Dropped
I alone am the Honoured One!,46,17/08/2025,1,Dropped
Re-Awakening: I Ascend with a Legendary class,30,16/08/2025,3,Dropped
Getting a Sugar Mommy in Cultivation World!!,462,14/08/2025,5,Dropped
The Goddess Is Obsessed With Me,9,12/08/2025,1,Dropped
Shattered Innocence: Transmigrated Into a Novel as an Extra,862,10/08/2025,8,Paused
How to survive in the Romance Fantasy Game,144,09/08/2025,3,Paused
Zhang Fei - The Abandoned Son,28,09/08/2025,1,Dropped
Cheat Awakening,36,08/08/2025,1,Dropped
This Eroge Won't Make Me Fall!,214,07/08/2025,5,Dropped
Ero Academy,242,03/08/2025,7,Paused
My NTR Harem,4,31/07/2025,1,Dropped
Esper Harem in the Apocalypse,734,28/07/2025,6,Dropped
Slice Of Life In Fantasy World,110,17/07/2025,4,Dropped
shoujo grand summoning,50,12/07/2025,3,Dropped
Taming The Villainesses,121.2,11/07/2025,8,Paused
Villain: Manipulating the Heroines into hating the Protagonist,90,10/07/2025,6,Paused
The Goddess Made A Mistake Again,242,09/07/2025,5,Paused
Lackey's Seducing Survival Odyssey,1100,07/07/2025,10,Paused
The Incubus System,196,06/07/2025,7,Paused
Primordial Chaos Dragon Tower: Harem System,395,05/07/2025,5,Dropped
Dark Magus Returns,45,04/07/2025,6,Dropped
Atticus’s Odyssey: Reincarnated Into A Playground,4,04/07/2025,1,Dropped
Surviving in Woman's world as a novel villain,290,03/07/2025,4,Dropped
Womanizing Mage,2,02/07/2025,1,Dropped
"I Got a Cheat and Moved to Another World, so I Want to Live as I Like",2,02/07/2025,3,Dropped
Manaless Mage,5,02/07/2025,1,Dropped
Strongest Necromancer Of Heaven's Gate,20,01/07/2025,3,Dropped
Reincarnated as a Son of the Sword Saint and the Sage,18,01/07/2025,2,Dropped
First Demonic Dragon,160,01/07/2025,5,Dropped
Protagonist?Antagonist? I Reject Both,68,30/06/2025,3,Dropped
Conquering System: Harem With Infinite Rebirths,1,30/06/2025,1,Dropped
Milf Hunter: Seducing And Taming Beauties,170,27/06/2025,2,Paused
The World Is Mine For The Taking,26,26/06/2025,2,Dropped
Riches and Bitches: I have a gate to an isekai and leveling-up system!,4,26/06/2025,1,Dropped
I Enslaved The Goddess Who Summoned Me,34,26/06/2025,3,Dropped
Your Talent is Mine,8,26/06/2025,1,Dropped
Cheat Cultivator's Ascension,22,26/06/2025,3,Dropped
Villainous Young Master's Otherworldly Harem,68,23/06/2025,2,Dropped
Tyranny of Steel,2,22/06/2025,2,Dropped
Getting a Technology System in Modern Day,408,19/06/2025,6,Dropped
Walker Of The Worlds,3,18/06/2025,2,Dropped
Cursed Immortality,6,18/06/2025,1,Dropped
"Sign In Ten Years, Then I Am Exposed By My Gorgeous Senior",38,18/06/2025,4,Dropped
Life Simulation: I Caused the Female Sword Immortal to Regret Forever,4,12/06/2025,1,Dropped
Staying Alive Cautiously in the Celestial Realm and Becoming the Strongest,6,12/06/2025,1,Dropped
Village Head's Debauchery,683,12/06/2025,8,Dropped
Dimensional Keeper: All My Skills Are at Level 100,8,12/06/2025,1,Dropped
Death... and me,60,12/06/2025,6,Dropped
BTTH Life Simulator System,7,09/06/2025,1,Dropped
6 Times a Day,54,07/06/2025,6,Dropped
Evil MC's NTR Harem,160,03/06/2025,5,Dropped
Maximum Comprehension: Taking Care of Swords In A Sword Pavilion,35,30/05/2025,5,Dropped
Wedding Night: I Am Forced To Marry A Dragon Girl,41,29/05/2025,4,Dropped
"Longevity, starting from being a chicken raising servant",90,28/05/2025,5,Dropped
"Steadily becoming a saint, the immortal officials hired me to tend the horses",860,21/05/2025,7,Paused
My Immortal Cultivation Game Life,312,17/05/2025,6,Paused
My Life Can Be Infinitely Simulated,9,06/02/2025,4,Dropped
Cultivation: When You Take Things To The Extreme,55,06/02/2025,5,Dropped
Ascending The Heavens As An Evil God,10,06/02/2025,5,Dropped
"I Fabricated The Techniques, But My Disciple Really Mastered Them?",6,05/02/2025,5,Dropped
I Can Track Everything,18,03/02/2025,6,Dropped
Comprehension Ability: Creating and teaching the Dao in various worlds,1480,03/02/2025,8,Finished
It's Lonely To Be Invincible,327,02/02/2025,7,Paused
Follow The Path Of Dao From Infancy,923,27/01/2025,7,Paused
Evolving Infinitely From Ground Zero,187,25/01/2025,5,Dropped
Cultivation Being Immortal,6,24/01/2025,1,Dropped
Reincarnated As The Strongest Ancestor With A System,16,24/01/2025,1,Dropped
Cultivator With Modern Ai,60,24/01/2025,1,Dropped
Goddess Helps Me Simulate Cultivation,286,19/01/2025,1,Dropped
The Primordial Record,2,18/01/2025,3,Dropped
The Reincarnated Assassin Is A Genius Swordsman,1,18/01/2025,2,Dropped
Global Survival: 100 Times Cultivation Speed From The Start,3,18/01/2025,1,Dropped
Cultivation: Start From Simplifying Martial Arts Techniques,2,18/01/2025,2,Dropped
World Domination System,23,18/01/2025,1,Dropped
My Celestial Ascension,17,18/01/2025,3,Dropped
Starting With One Million Luck Points,26,18/01/2025,5,Dropped
Dungeon King: My Goblins Have Captured Countless Female Players,6,17/01/2025,3,Dropped
"Though Paralyzed, Still Radiantly Charming!",21,10/01/2025,4,Dropped
Sword God In A World Of Magic,35,08/01/2025,6,Dropped
Supremacy Games,202,08/01/2025,7,Paused
Ascension Through Skills,130,08/01/2025,6,Paused
God Of Milfs: The Gods Request Me To Make A Milf Harem,599,06/01/2025,7,Paused
I Own EVERY Class In This World: Life Set To HELL Mode!,7,05/01/2025,4,Dropped
Destroying My Own Novel,98,05/01/2025,2,Dropped
The Villain Wants A Sect Full Of Maidens!,68,04/01/2025,1,Dropped
Apocalypse - Evil Shelter System,20,04/01/2025,2,Dropped
"Others Level Up, But I Pursue Cultivation!",1523,31/12/2024,7,Finished
"I, The All-Class Magus, All My Awakening Skills Are LvMax",15,30/12/2024,4,Dropped
Netori: Stealing The Hero's Party!,90,30/12/2024,6,Paused
Erotic Adventures In The Omniverse: Vampire Lord Got Too Many Wives,50,30/12/2024,2,Dropped
Primordial Villain With A Slave Harem,901,28/12/2024,8,Paused
Netori: Reborn As The Human Aphrodisiac,41,27/12/2024,1,Dropped
Shadow Slave,15,27/12/2024,7,Dropped
"With My System, I Can Even Tame Gods",46,26/12/2024,2,Paused
My Hermes System,6,26/12/2024,4,Dropped
Reincarnated With Three Unique Skills,40,25/12/2024,5,Dropped
Infinite Potential System,6,25/12/2024,4,Dropped
Infinite Mana In The Apocalypse,1748,23/12/2024,6,Paused
God Of Time System: Harem In The Zombie Apocalypse,31,22/12/2024,1,Dropped
"I Regenerate 10,000 Times Faster",40,21/12/2024,4,Dropped
Level Up In Martial World,96,19/12/2024,5,Dropped
BIOLOGICAL SUPERCOMPUTER SYSTEM,3,19/12/2024,4,Dropped
Neurolink System In The Modern World,28,18/12/2024,4,Dropped
Extra'S Descent,13,18/12/2024,5,Dropped
"500th Time Reborn, A World Only Known By Women: The Karma System",17,17/12/2024,1,Dropped
Primordial Sin System,138,15/12/2024,7,Paused
Chrysalis,1,05/12/2024,5,Dropped
I Am Loaded With Passive Skills,89,04/12/2024,6,Dropped
I Don't Want To Defy The Heavens,27,03/12/2024,5,Dropped
Let Me Game In Peace,16,01/12/2024,7,Paused
Reincarnated As An Energy With A System,1092,01/12/2024,8,Dropped
Solo Farming In The Tower,178,30/11/2024,6,Dropped
One-Click Training System Instantly Millions,9,30/11/2024,4,Dropped
History’s Number 1 Founder,8,30/11/2024,6,Dropped
Picking Up Girls With My System,9,30/11/2024,5,Dropped
A Journey That Changed The World,15,30/11/2024,4,Dropped
Xianxia: I Can Download Fully Levelled Abilities,6,30/11/2024,5,Dropped
"Tribe: I Become Invincible With My 10,000x Bonus From The Start",6,30/11/2024,5,Dropped
Primordial Soul's Rebirth,152,26/11/2024,5,Paused
The Strongest Assassin Reincarnates In Another World,24,25/11/2024,5,Dropped
"Talent Awakening: I, The Weakest Awakened, Start With Dragonfire Spell",72,23/11/2024,5,Dropped
Reverend Insanity,15,23/11/2024,8,Dropped
Online Game: Starting With An SSS-Level Plundering Talent,81,20/11/2024,4,Dropped
My Augmented Statuses Have Unlimited Duration,308,20/11/2024,8,Paused
Leveling Through Lust,96,17/11/2024,6,Paused
Villain: Transmigrated Into A NTR Manga As The Antagonist,285,17/11/2024,8,Paused
"After 10,000 Years In Hell",147,14/11/2024,7,Dropped
Sins Paradise: Domination System,210,12/11/2024,7,Paused
Absolute Depravity: Reincarnated With A Lustful System,7,11/11/2024,1,Dropped
The Strongest Conquest System,352,10/11/2024,5,Dropped
Infinite Evolution System Made Me Too OP!,22,09/11/2024,5,Dropped
Awakening：The Infinite Evolution Of My Talent As A Low-Level Awakener,230,08/11/2024,5,Dropped
The World's most Overpowered Side-Character,25,07/11/2024,2,Paused
I Hide And Farm In The World Of Cultivation To Increase My Proficiency,4,06/11/2024,4,Dropped
Reborn As An Evolving Space Monster,168,17/10/2024,7,Paused
Lord Of Succubi:Transmigrated As A Dual Cultivator In Isekai Of Magic,0,31/08/2024,6,To Read
"A Cheap, OP Brawler",0,30/08/2024,1,To Read
The Sex Beast System,0,29/08/2024,1,To Read
Becoming The King Of A New Filthy World,38,21/08/2024,4,Paused
Sin System: Demonic Harem After Reincarnation,0,15/08/2024,6,To Read
Shota's Isekai NTR Adventure,98,05/08/2024,4,Dropped
Supreme Magus,0,01/08/2024,7,To Read
Awakening The Weakest Talent: Only I Level Up,0,30/07/2024,5,To Read
Re: Evolution Online,82,22/07/2024,6,Dropped
Dimensional Descent,0,15/07/2024,6,To Read
"Bro, I'M Not An Undead!",0,04/07/2024,7,To Read
The Evolution Of A Goblin To The Peak,0,01/07/2024,4,Dropped
My Werewolf System,0,30/06/2024,4,Dropped
Overlimit Skill Holder (WN JP),8,12/06/2024,3,Dropped
Inside The Cave Of Obscenity,6,11/06/2024,2,Dropped
Slave Harem In The Labyrinth Of The Other World (WN JP),70,09/06/2024,6,Dropped
A Necromancer Who Just Wants To Plant Trees,20,09/06/2024,3,Dropped
The Witch Hunter System,5,31/05/2024,1,Dropped
Reincarnated With The Mind Control Powers In Another World,836,31/05/2024,9,Paused
Cultivating Disciples To Breakthrough,31,23/05/2024,4,Dropped
Supreme Harem God System,1983,23/05/2024,10,Paused
My Dungeon Life: Rise Of The Slave Harem,500,22/05/2024,6,Dropped
Strongest Mage With The Lust System,48,21/05/2024,4,Paused
Immortality Starts With Diligence(Xianxia Litrpg),94,21/05/2024,5,Dropped
A Regressor’s Tale Of Cultivation,1,21/05/2024,7,Paused
Carefree Path Of Dreams,220,21/05/2024,3,Dropped
Hide In The Banished Palace And Level Up To A Big Boss,14,13/05/2024,2,Dropped
I Am The Fated Villain,378.1,13/05/2024,7,Paused
Monster Paradise,6,12/05/2024,1,Dropped
Global Game: AFK In The Zombie Apocalypse Game,5,12/05/2024,1,Dropped
Keyboard Immortal,238,12/05/2024,7,Paused
Fantasy Simulator,390,12/05/2024,7,Paused
My Sword Intent Can Be Infinitely Improved,10,12/05/2024,1,Dropped
"Top Tier Providence, Secretly Cultivate For A Thousand Years",560,04/05/2024,7,Dropped
Unparalleled After Ten Consecutive Draws,29,03/05/2024,6,Dropped
Global Lord: 100% Drop Rate,71,03/05/2024,5,Dropped
Extracting Billions Of Toxins And Tempering An Unsullied Body,5,30/04/2024,4,Dropped
Global Killing: Awakening SSS-Level Talent At The Beginning,85,30/04/2024,5,Dropped
Void Evolution System,60,27/04/2024,5,Dropped
Cultivation Online,435,27/04/2024,6,Dropped
The Strongest System,1159,04/04/2024,8,Finished
I Can Level Up By Staying Idle,49,02/04/2024,6,Dropped
Reincarnated With The Strongest System,144,01/08/2023,6,Dropped